0,20200626090000,7370,7340,7390,7340,41380
1,20200626090100,7270,7370,7370,7260,53185
2,20200626090200,7310,7270,7360,7260,31684
3,20200626090300,7320,7340,7340,7280,27698
4,20200626090400,7280,7300,7310,7260,26236
5,20200626090500,7390,7280,7430,7280,31741
6,20200626090600,7380,7410,7410,7350,26111
7,20200626090700,7430,7380,7440,7380,53926
8,20200626090800,7410,7430,7430,7410,28954
9,20200626090900,7430,7420,7430,7380,38441
10,20200626091000,7440,7420,7440,7420,36722
11,20200626091100,7470,7430,7470,7430,47029
12,20200626091200,7440,7480,7480,7420,60714
13,20200626091300,7400,7440,7440,7380,49692
14,20200626091400,7420,7400,7420,7380,24925
15,20200626091500,7390,7420,7430,7390,19905
16,20200626091600,7360,7390,7400,7360,36926
17,20200626091700,7340,7360,7360,7330,35167
18,20200626091800,7370,7350,7380,7330,14839
19,20200626091900,7320,7360,7370,7320,30903
20,20200626092000,7320,7320,7350,7310,16434
21,20200626092100,7320,7320,7330,7320,10034
22,20200626092200,7350,7330,7350,7320,10843
23,20200626092300,7340,7340,7350,7330,4304
24,20200626092400,7320,7340,7340,7320,10121
25,20200626092500,7310,7320,7330,7310,5945
26,20200626092600,7320,7310,7330,7310,7096
27,20200626092700,7300,7310,7320,7300,40026
28,20200626092800,7300,7300,7310,7300,12954
29,20200626092900,7260,7300,7310,7260,33692
30,20200626093000,7270,7260,7270,7250,7903
31,20200626093100,7250,7270,7270,7250,11813
32,20200626093200,7250,7250,7300,7220,30301
33,20200626093300,7240,7260,7300,7230,6670
34,20200626093400,7290,7250,7290,7230,9178
35,20200626093500,7240,7290,7290,7240,3899
36,20200626093600,7240,7250,7250,7230,12260
37,20200626093700,7230,7240,7240,7210,19514
38,20200626093800,7210,7230,7230,7200,19504
39,20200626093900,7210,7210,7210,7200,12043
40,20200626094000,7220,7210,7240,7200,8681
41,20200626094100,7230,7210,7250,7210,6024
42,20200626094200,7250,7230,7260,7230,2696
43,20200626094300,7270,7250,7270,7240,6130
44,20200626094400,7310,7260,7320,7260,9489
45,20200626094500,7340,7320,7350,7300,6883
46,20200626094600,7330,7340,7350,7280,19031
47,20200626094700,7340,7340,7350,7330,9430
48,20200626094800,7350,7350,7350,7300,27846
49,20200626094900,7450,7340,7450,7340,66446
50,20200626095000,7480,7450,7500,7390,99286
51,20200626095100,7450,7480,7490,7390,36337
52,20200626095200,7460,7450,7480,7440,33294
53,20200626095300,7500,7470,7500,7460,83802
54,20200626095400,7460,7500,7520,7450,126256
55,20200626095500,7420,7460,7460,7390,53073
56,20200626095600,7420,7420,7430,7410,18844
57,20200626095700,7390,7420,7420,7360,24983
58,20200626095800,7420,7390,7420,7390,9569
59,20200626095900,7410,7420,7420,7400,12388
60,20200626100000,7390,7400,7400,7360,18589
61,20200626100100,7380,7380,7380,7360,10407
62,20200626100200,7360,7370,7450,7340,47658
63,20200626100300,7360,7390,7390,7350,9542
64,20200626100400,7360,7360,7380,7360,4335
65,20200626100500,7360,7370,7370,7360,7345
66,20200626100600,7370,7360,7390,7360,12062
67,20200626100700,7380,7390,7400,7370,3628
68,20200626100800,7400,7390,7400,7380,6626
69,20200626100900,7450,7390,7450,7390,19467
70,20200626101000,7460,7440,7470,7440,34204
71,20200626101100,7410,7460,7470,7410,31087
72,20200626101200,7460,7410,7460,7410,22066
73,20200626101300,7440,7470,7470,7440,7389
74,20200626101400,7410,7440,7440,7400,10919
75,20200626101500,7380,7410,7410,7370,17470
76,20200626101600,7390,7370,7410,7370,10917
77,20200626101700,7430,7400,7430,7390,14770
78,20200626101800,7450,7420,7450,7420,21775
79,20200626101900,7460,7450,7470,7440,45481
80,20200626102000,7450,7470,7480,7440,33424
81,20200626102100,7420,7450,7460,7420,13496
82,20200626102200,7420,7430,7430,7410,9009
83,20200626102300,7390,7430,7430,7390,23484
84,20200626102400,7370,7390,7400,7360,18628
85,20200626102500,7290,7370,7380,7260,92595
86,20200626102600,7270,7260,7290,7250,30912
87,20200626102700,7290,7280,7300,7270,21749
88,20200626102800,7290,7290,7300,7280,8805
89,20200626102900,7290,7290,7310,7280,19263
90,20200626103000,7280,7290,7300,7280,8337
91,20200626103100,7280,7290,7300,7280,8275
92,20200626103200,7260,7290,7290,7250,12467
93,20200626103300,7260,7260,7280,7250,5979
94,20200626103400,7270,7260,7270,7240,13837
95,20200626103500,7250,7270,7270,7250,5897
96,20200626103600,7250,7250,7280,7240,15589
97,20200626103700,7240,7260,7260,7240,6594
98,20200626103800,7250,7250,7260,7240,11958
99,20200626103900,7340,7280,7340,7280,19311
100,20200626104000,7340,7340,7360,7330,8462
101,20200626104100,7350,7330,7360,7330,8028
102,20200626104200,7350,7350,7360,7320,21754
103,20200626104300,7330,7350,7350,7320,1583
104,20200626104400,7320,7330,7340,7320,3957
105,20200626104500,7330,7320,7330,7320,5013
106,20200626104600,7330,7330,7340,7330,2602
107,20200626104700,7340,7340,7340,7330,2653
108,20200626104800,7340,7340,7340,7340,4001
109,20200626104900,7350,7340,7350,7330,1848
110,20200626105000,7340,7340,7350,7340,4373
111,20200626105100,7330,7340,7340,7330,2014
112,20200626105200,7320,7340,7340,7320,14296
113,20200626105300,7320,7330,7330,7320,2631
114,20200626105400,7310,7320,7320,7310,3935
115,20200626105500,7300,7310,7310,7280,5894
116,20200626105600,7290,7300,7300,7290,4518
117,20200626105700,7290,7290,7300,7290,4127
118,20200626105800,7290,7290,7300,7280,2166
119,20200626105900,7290,7290,7290,7290,3354
120,20200626110000,7290,7300,7300,7290,2207
121,20200626110100,7280,7290,7290,7280,5397
122,20200626110200,7300,7290,7320,7290,7898
123,20200626110300,7330,7310,7330,7310,4081
124,20200626110400,7330,7330,7330,7310,7151
125,20200626110500,7350,7330,7360,7330,9671
126,20200626110600,7370,7350,7380,7350,8533
127,20200626110700,7320,7370,7380,7320,27307
128,20200626110800,7340,7320,7340,7320,3255
129,20200626110900,7320,7340,7340,7320,924
130,20200626111000,7330,7320,7330,7320,1580
131,20200626111100,7320,7330,7330,7320,2296
132,20200626111200,7310,7330,7330,7310,4915
133,20200626111300,7320,7320,7320,7310,704
134,20200626111400,7320,7320,7320,7310,2242
135,20200626111500,7320,7330,7330,7320,903
136,20200626111600,7300,7320,7320,7300,3929
137,20200626111700,7310,7310,7320,7300,1298
138,20200626111800,7310,7310,7320,7310,2282
139,20200626111900,7300,7320,7320,7300,2364
140,20200626112000,7310,7300,7310,7300,7418
141,20200626112100,7300,7300,7300,7290,6150
142,20200626112200,7300,7300,7320,7300,2122
143,20200626112300,7290,7300,7310,7290,5969
144,20200626112400,7290,7290,7300,7290,3963
145,20200626112500,7280,7290,7290,7280,5196
146,20200626112600,7280,7280,7290,7280,2580
147,20200626112700,7330,7280,7330,7280,11771
148,20200626112800,7370,7330,7380,7330,15329
149,20200626112900,7330,7370,7380,7320,7677
150,20200626113000,7320,7350,7350,7320,1190
151,20200626113100,7340,7320,7340,7320,2593
152,20200626113200,7320,7340,7340,7320,1426
153,20200626113300,7320,7330,7330,7320,2939
154,20200626113400,7320,7320,7320,7320,1901
155,20200626113500,7300,7330,7330,7300,5658
156,20200626113600,7310,7310,7340,7310,425
157,20200626113700,7340,7320,7340,7320,2609
158,20200626113800,7330,7340,7350,7330,1640
159,20200626113900,7320,7330,7330,7320,2073
160,20200626114000,7320,7320,7330,7320,1820
161,20200626114100,7310,7320,7320,7310,1526
162,20200626114200,7320,7330,7330,7320,17
163,20200626114300,7320,7320,7330,7320,819
164,20200626114400,7320,7320,7330,7320,1006
165,20200626114500,7330,7330,7330,7330,103
166,20200626114600,7330,7330,7330,7320,1404
167,20200626114700,7320,7330,7330,7320,2072
168,20200626114800,7320,7320,7320,7320,539
169,20200626114900,7320,7320,7320,7320,1736
170,20200626115000,7320,7320,7320,7310,1965
171,20200626115100,7310,7320,7320,7310,4233
172,20200626115200,7320,7320,7320,7310,360
173,20200626115300,7320,7320,7320,7320,64
174,20200626115400,7320,7320,7320,7310,800
175,20200626115500,7320,7310,7320,7310,2607
176,20200626115600,7310,7320,7320,7310,403
177,20200626115700,7310,7320,7320,7310,3661
178,20200626115800,7320,7310,7320,7310,620
179,20200626115900,7310,7310,7320,7310,2859
180,20200626120000,7310,7320,7320,7310,546
181,20200626120100,7310,7310,7320,7310,1097
182,20200626120200,7310,7310,7310,7310,456
183,20200626120300,7310,7310,7310,7310,245
184,20200626120400,7310,7310,7320,7310,2260
185,20200626120500,7310,7310,7320,7310,1540
186,20200626120600,7310,7310,7320,7310,1866
187,20200626120700,7340,7320,7340,7310,5502
188,20200626120800,7380,7330,7380,7330,18422
189,20200626120900,7380,7370,7400,7370,20869
190,20200626121000,7390,7380,7390,7360,7734
191,20200626121100,7380,7380,7380,7360,3251
192,20200626121200,7340,7380,7380,7340,4850
193,20200626121300,7330,7330,7340,7300,21289
194,20200626121400,7320,7330,7330,7310,1333
195,20200626121500,7330,7320,7330,7320,980
196,20200626121600,7360,7330,7360,7330,3529
197,20200626121700,7370,7350,7370,7340,1004
198,20200626121800,7360,7340,7360,7330,1465
199,20200626121900,7340,7360,7360,7340,28
200,20200626122000,7330,7330,7340,7330,2216
201,20200626122100,7350,7330,7350,7320,515
202,20200626122200,7310,7350,7350,7310,4984
203,20200626122300,7360,7320,7360,7310,2839
204,20200626122400,7320,7340,7350,7320,309
205,20200626122500,7330,7330,7340,7320,1871
206,20200626122600,7340,7340,7340,7340,2213
207,20200626122700,7320,7340,7340,7320,6260
208,20200626122800,7320,7320,7330,7320,1960
209,20200626122900,7320,7330,7340,7320,1454
210,20200626123000,7320,7320,7330,7320,1023
211,20200626123100,7340,7320,7340,7320,2612
212,20200626123200,7340,7350,7350,7330,2830
213,20200626123300,7330,7340,7340,7330,2373
214,20200626123400,7330,7330,7340,7330,481
215,20200626123500,7340,7340,7340,7330,518
216,20200626123600,7320,7340,7340,7320,4334
217,20200626123700,7330,7330,7330,7320,4572
218,20200626123800,7350,7330,7350,7330,4154
219,20200626123900,7360,7350,7360,7340,3908
220,20200626124000,7340,7360,7360,7340,1883
221,20200626124100,7350,7340,7350,7330,1883
222,20200626124200,7350,7350,7350,7330,1952
223,20200626124300,7360,7340,7360,7340,4390
224,20200626124400,7370,7350,7380,7350,11707
225,20200626124500,7380,7380,7380,7360,4415
226,20200626124600,7350,7370,7380,7350,7257
227,20200626124700,7330,7360,7360,7330,13543
228,20200626124800,7340,7330,7340,7320,3951
229,20200626124900,7330,7340,7340,7330,1985
230,20200626125000,7330,7340,7340,7330,2301
231,20200626125100,7340,7340,7340,7320,3751
232,20200626125200,7330,7330,7340,7330,1660
233,20200626125300,7330,7330,7340,7330,4806
234,20200626125400,7340,7330,7340,7330,458
235,20200626125500,7330,7340,7340,7330,1197
236,20200626125600,7320,7330,7330,7320,1397
237,20200626125700,7330,7320,7330,7320,2470
238,20200626125800,7330,7330,7330,7320,1067
239,20200626125900,7340,7330,7340,7320,2908
240,20200626130000,7340,7340,7340,7330,4068
241,20200626130100,7330,7340,7350,7330,3195
242,20200626130200,7330,7330,7340,7330,491
243,20200626130300,7330,7350,7350,7320,6130
244,20200626130400,7370,7340,7370,7340,10300
245,20200626130500,7370,7360,7370,7350,3618
246,20200626130600,7370,7370,7370,7360,7620
247,20200626130700,7360,7370,7370,7360,2861
248,20200626130800,7360,7360,7360,7340,1673
249,20200626130900,7330,7360,7370,7330,11323
250,20200626131000,7350,7330,7350,7330,993
251,20200626131100,7340,7350,7350,7340,543
252,20200626131200,7330,7330,7340,7330,2800
253,20200626131300,7340,7330,7340,7320,3265
254,20200626131400,7330,7350,7350,7320,17274
255,20200626131500,7330,7330,7350,7330,215
256,20200626131600,7330,7330,7340,7330,6776
257,20200626131700,7300,7330,7330,7300,22023
258,20200626131800,7320,7300,7320,7290,1989
259,20200626131900,7340,7330,7340,7330,2017
260,20200626132000,7350,7340,7350,7340,2118
261,20200626132100,7340,7350,7350,7340,2254
262,20200626132200,7350,7340,7350,7340,2112
263,20200626132300,7340,7340,7340,7330,841
264,20200626132400,7350,7340,7350,7340,1235
265,20200626132500,7340,7350,7350,7340,1878
266,20200626132600,7350,7340,7350,7340,3341
267,20200626132700,7350,7360,7360,7350,9860
268,20200626132800,7350,7370,7370,7350,5085
269,20200626132900,7350,7350,7360,7340,2973
270,20200626133000,7340,7350,7360,7340,10902
271,20200626133100,7330,7340,7340,7310,23394
272,20200626133200,7320,7330,7330,7320,215
273,20200626133300,7310,7320,7320,7300,3246
274,20200626133400,7310,7310,7320,7300,1779
275,20200626133500,7320,7310,7320,7310,1553
276,20200626133600,7320,7320,7320,7310,5198
277,20200626133700,7320,7320,7330,7310,5344
278,20200626133800,7320,7320,7330,7320,2739
279,20200626133900,7330,7320,7330,7310,11518
280,20200626134000,7320,7330,7330,7310,2839
281,20200626134100,7330,7320,7330,7310,2105
282,20200626134200,7320,7330,7330,7310,152
283,20200626134300,7320,7320,7320,7320,410
284,20200626134400,7350,7320,7350,7320,2583
285,20200626134500,7350,7350,7350,7350,5539
286,20200626134600,7320,7350,7350,7320,2024
287,20200626134700,7330,7330,7340,7330,2628
288,20200626134800,7330,7330,7330,7330,923
289,20200626134900,7330,7330,7330,7320,2678
290,20200626135000,7330,7330,7330,7330,1994
291,20200626135100,7330,7330,7330,7320,1347
292,20200626135200,7340,7330,7340,7330,1697
293,20200626135300,7340,7340,7340,7330,445
294,20200626135400,7330,7330,7340,7330,115
295,20200626135500,7340,7330,7340,7330,2210
296,20200626135600,7340,7340,7340,7340,1878
297,20200626135700,7340,7340,7340,7330,1454
298,20200626135800,7340,7330,7340,7330,1047
299,20200626135900,7340,7350,7350,7340,2255
300,20200626140000,7340,7340,7350,7340,1276
301,20200626140100,7340,7340,7350,7340,394
302,20200626140200,7350,7350,7350,7350,5533
303,20200626140300,7360,7350,7360,7350,957
304,20200626140400,7340,7350,7350,7340,2419
305,20200626140500,7350,7340,7350,7340,280
306,20200626140600,7340,7350,7350,7340,5685
307,20200626140700,7340,7340,7340,7330,516
308,20200626140800,7320,7330,7330,7320,12295
309,20200626140900,7320,7320,7330,7320,2290
310,20200626141000,7330,7330,7330,7320,247
311,20200626141100,7320,7330,7330,7320,2630
312,20200626141200,7330,7330,7330,7320,3492
313,20200626141300,7330,7330,7330,7320,733
314,20200626141400,7330,7320,7330,7320,1564
315,20200626141500,7330,7330,7330,7320,1272
316,20200626141600,7320,7320,7330,7320,1755
317,20200626141700,7330,7320,7340,7320,4990
318,20200626141800,7350,7340,7350,7330,5046
319,20200626141900,7340,7340,7350,7330,4006
320,20200626142000,7340,7340,7340,7330,2632
321,20200626142100,7340,7350,7350,7340,610
322,20200626142200,7360,7350,7360,7350,15816
323,20200626142300,7350,7360,7360,7350,2429
324,20200626142400,7350,7350,7360,7350,1633
325,20200626142500,7360,7360,7360,7360,2152
326,20200626142600,7360,7360,7360,7360,3363
327,20200626142700,7350,7360,7360,7350,4939
328,20200626142800,7350,7350,7360,7350,2643
329,20200626142900,7340,7350,7350,7340,700
330,20200626143000,7340,7340,7340,7340,4689
331,20200626143100,7330,7340,7340,7330,4741
332,20200626143200,7340,7330,7340,7330,3535
333,20200626143300,7340,7340,7340,7340,706
334,20200626143400,7340,7340,7340,7340,2652
335,20200626143500,7340,7340,7350,7320,17070
336,20200626143600,7330,7340,7340,7320,4794
337,20200626143700,7330,7330,7330,7330,1614
338,20200626143800,7340,7330,7340,7320,1938
339,20200626143900,7340,7340,7340,7330,685
340,20200626144000,7320,7340,7340,7320,2928
341,20200626144100,7340,7330,7340,7320,4738
342,20200626144200,7330,7340,7340,7330,2231
343,20200626144300,7330,7330,7330,7330,1849
344,20200626144400,7320,7330,7340,7320,5262
345,20200626144500,7320,7320,7330,7320,2758
346,20200626144600,7330,7320,7330,7320,2640
347,20200626144700,7340,7330,7340,7320,9832
348,20200626144800,7340,7340,7340,7330,1921
349,20200626144900,7330,7340,7340,7320,3390
350,20200626145000,7340,7330,7340,7330,574
351,20200626145100,7350,7340,7350,7330,2769
352,20200626145200,7340,7340,7350,7330,4579
353,20200626145300,7330,7340,7340,7330,1055
354,20200626145400,7340,7330,7340,7330,4253
355,20200626145500,7340,7340,7350,7340,5345
356,20200626145600,7340,7340,7350,7340,3014
357,20200626145700,7330,7340,7340,7330,1495
358,20200626145800,7340,7330,7350,7330,7984
359,20200626145900,7340,7330,7340,7330,5348
360,20200626150000,7370,7340,7380,7340,35008
361,20200626150100,7390,7370,7390,7370,19561
362,20200626150200,7390,7390,7390,7370,9292
363,20200626150300,7380,7380,7390,7370,8500
364,20200626150400,7380,7370,7390,7370,8126
365,20200626150500,7360,7380,7380,7360,7063
366,20200626150600,7350,7360,7370,7350,10308
367,20200626150700,7360,7360,7370,7350,8374
368,20200626150800,7340,7360,7360,7340,21823
369,20200626150900,7350,7340,7350,7330,12240
370,20200626151000,7340,7350,7350,7330,3804
371,20200626151100,7350,7340,7360,7340,5623
372,20200626151300,7360,7350,7360,7340,3503
373,20200626151400,7350,7360,7360,7350,679
374,20200626151500,7370,7350,7370,7340,16383
375,20200626151600,7380,7370,7390,7370,14598
376,20200626151700,7390,7380,7400,7380,17418
377,20200626151800,7360,7390,7400,7360,9594
378,20200626151900,7400,7380,7400,7380,22849
379,20200626153000,7400,7400,7400,7400,76846
380,20200626153500,7400,7400,7400,7400,5219
381,20200629090000,7280,7290,7300,7280,51032
382,20200629090100,7320,7290,7320,7280,21135
383,20200629090200,7260,7300,7320,7250,32215
384,20200629090300,7310,7260,7310,7250,22799
385,20200629090400,7340,7320,7340,7320,14470
386,20200629090500,7330,7340,7350,7330,12617
387,20200629090600,7330,7330,7330,7300,16186
388,20200629090700,7350,7310,7350,7310,11259
389,20200629090800,7330,7350,7370,7320,18420
390,20200629090900,7310,7330,7330,7300,13041
391,20200629091000,7320,7310,7320,7300,9640
392,20200629091100,7340,7300,7340,7300,3233
393,20200629091200,7300,7330,7340,7300,15886
394,20200629091300,7280,7300,7310,7280,11923
395,20200629091400,7260,7280,7280,7260,15652
396,20200629091500,7220,7260,7270,7220,23312
397,20200629091600,7220,7240,7260,7210,16781
398,20200629091700,7230,7220,7260,7220,13103
399,20200629091800,7300,7230,7300,7230,18539
400,20200629091900,7370,7300,7370,7300,18037
401,20200629092000,7370,7360,7390,7360,16180
402,20200629092100,7340,7370,7370,7340,7299
403,20200629092200,7440,7340,7480,7330,46354
404,20200629092300,7500,7440,7500,7430,49412
405,20200629092400,7490,7500,7520,7450,68803
406,20200629092500,7560,7490,7560,7480,93000
407,20200629092600,7530,7550,7560,7510,52439
408,20200629092700,7580,7520,7630,7520,149562
409,20200629092800,7570,7580,7600,7550,64051
410,20200629092900,7590,7570,7620,7560,75318
411,20200629093000,7500,7600,7610,7500,106686
412,20200629093100,7480,7520,7520,7480,53209
413,20200629093200,7550,7480,7560,7480,28479
414,20200629093300,7530,7550,7570,7520,16435
415,20200629093400,7530,7520,7550,7510,22911
416,20200629093500,7590,7530,7590,7530,26476
417,20200629093600,7590,7580,7590,7560,40180
418,20200629093700,7710,7590,7740,7580,159977
419,20200629093800,7680,7730,7790,7650,166938
420,20200629093900,7670,7680,7700,7600,99521
421,20200629094000,7700,7680,7730,7650,124302
422,20200629094100,7640,7690,7710,7640,87156
423,20200629094200,7660,7660,7660,7600,53079
424,20200629094300,7720,7660,7730,7650,52886
425,20200629094400,7700,7710,7720,7660,54312
426,20200629094500,7660,7710,7720,7650,47071
427,20200629094600,7660,7650,7670,7640,26435
428,20200629094700,7600,7660,7660,7600,49801
429,20200629094800,7660,7600,7670,7600,18533
430,20200629094900,7640,7660,7670,7630,19250
431,20200629095000,7590,7640,7640,7590,30277
432,20200629095100,7570,7600,7610,7560,36677
433,20200629095200,7600,7570,7610,7560,22052
434,20200629095300,7570,7610,7620,7570,13663
435,20200629095400,7550,7580,7580,7550,25324
436,20200629095500,7530,7550,7550,7510,29365
437,20200629095600,7570,7530,7570,7530,10493
438,20200629095700,7580,7570,7580,7550,14116
439,20200629095800,7580,7590,7600,7580,11403
440,20200629095900,7560,7580,7580,7550,9936
441,20200629100000,7580,7550,7600,7550,7723
442,20200629100100,7680,7580,7680,7570,31283
443,20200629100200,7690,7670,7700,7660,40296
444,20200629100300,7650,7690,7690,7640,25885
445,20200629100400,7650,7650,7660,7630,8086
446,20200629100500,7620,7650,7650,7620,8116
447,20200629100600,7590,7630,7630,7590,8914
448,20200629100700,7590,7590,7620,7590,7860
449,20200629100800,7590,7600,7600,7590,3380
450,20200629100900,7580,7590,7590,7580,9380
451,20200629101000,7560,7580,7580,7550,15308
452,20200629101100,7580,7580,7600,7560,7131
453,20200629101200,7620,7590,7620,7590,3030
454,20200629101300,7620,7620,7630,7600,10865
455,20200629101400,7600,7620,7620,7600,2946
456,20200629101500,7590,7600,7610,7580,3946
457,20200629101600,7580,7600,7610,7580,2989
458,20200629101700,7600,7580,7600,7570,2809
459,20200629101800,7590,7600,7610,7590,2172
460,20200629101900,7610,7590,7610,7590,2093
461,20200629102000,7590,7600,7600,7590,5865
462,20200629102100,7760,7610,7770,7600,120329
463,20200629102200,7750,7770,7820,7750,227434
464,20200629102300,7770,7760,7780,7700,82617
465,20200629102400,7960,7760,7960,7750,372649
466,20200629102500,8010,7950,8010,7940,374098
467,20200629102700,8050,8010,8050,8000,143395
468,20200629102800,8130,8050,8180,8010,530307
469,20200629102900,8080,8130,8200,8060,348368
470,20200629103000,8220,8080,8300,8080,462614
471,20200629103100,8340,8230,8360,8180,329775
472,20200629103200,8180,8330,8340,8180,217319
473,20200629103300,8140,8200,8250,8100,257341
474,20200629103400,8300,8130,8300,8120,242454
475,20200629103500,8490,8300,8570,8290,741515
476,20200629103600,8420,8490,8580,8400,310647
477,20200629103700,8530,8420,8540,8390,298157
478,20200629103800,8480,8520,8600,8420,287705
479,20200629103900,8460,8480,8480,8370,207394
480,20200629104000,8480,8450,8530,8430,164826
481,20200629104100,8310,8460,8490,8310,176242
482,20200629104200,8410,8320,8450,8310,114409
483,20200629104300,8380,8410,8410,8370,119373
484,20200629104400,8640,8370,8640,8320,453956
485,20200629104500,8680,8640,8720,8600,536706
486,20200629104600,8680,8640,8730,8630,269899
487,20200629104700,8640,8680,8690,8600,181804
488,20200629104800,8660,8640,8670,8550,163358
489,20200629104900,8810,8650,8810,8600,335866
490,20200629105000,8810,8810,8810,8800,50144
491,20200629105200,8880,8870,8920,8810,360286
492,20200629105300,8800,8870,8990,8750,601326
493,20200629105400,8820,8800,8900,8760,298868
494,20200629105500,8910,8820,8920,8820,282495
495,20200629105600,8850,8910,8920,8790,201712
496,20200629105700,8990,8820,8990,8820,272001
497,20200629105800,8940,8980,8990,8890,223751
498,20200629105900,8970,8950,9080,8930,373295
499,20200629110000,8980,8990,9020,8950,178169
500,20200629110100,8990,8990,9070,8960,210848
501,20200629110200,8920,9000,9010,8900,256718
502,20200629110300,8840,8910,8910,8810,234581
503,20200629110400,8720,8830,8840,8710,340248
504,20200629110500,8810,8730,8810,8710,217337
505,20200629110600,8730,8810,8810,8720,120166
506,20200629110700,8700,8730,8730,8670,205086
507,20200629110800,8790,8700,8840,8700,266155
508,20200629110900,8770,8790,8830,8770,83634
509,20200629111000,8760,8780,8780,8700,85431
510,20200629111100,8760,8760,8800,8750,42087
511,20200629111200,8790,8750,8800,8720,77724
512,20200629111300,8730,8790,8830,8710,120016
513,20200629111400,8760,8730,8770,8710,41701
514,20200629111500,8670,8770,8770,8630,185407
515,20200629111600,8620,8670,8680,8560,218825
516,20200629111700,8640,8620,8640,8590,137715
517,20200629111800,8620,8640,8640,8610,59934
518,20200629111900,8630,8620,8640,8580,122913
519,20200629112000,8720,8640,8730,8620,137434
520,20200629112100,8690,8700,8720,8660,41368
521,20200629112200,8750,8690,8750,8670,50541
522,20200629112300,8730,8750,8760,8710,94192
523,20200629112400,8740,8740,8740,8670,53615
524,20200629112500,8850,8740,8850,8720,213511
525,20200629112600,8840,8850,8910,8760,257227
526,20200629112700,8800,8840,8870,8760,141641
527,20200629112800,8830,8810,8830,8720,117488
528,20200629112900,8840,8820,8850,8770,132730
529,20200629113000,8650,8830,8870,8600,252590
530,20200629113100,8520,8660,8680,8510,251864
531,20200629113200,8510,8520,8550,8470,186195
532,20200629113300,8470,8510,8510,8440,177330
533,20200629113400,8490,8470,8520,8440,114701
534,20200629113500,8480,8490,8520,8480,74555
535,20200629113600,8480,8480,8510,8430,114030
536,20200629113700,8450,8490,8520,8420,163581
537,20200629113800,8440,8430,8480,8430,42353
538,20200629113900,8400,8440,8440,8380,226350
539,20200629114000,8440,8390,8450,8380,80051
540,20200629114100,8450,8440,8460,8430,65207
541,20200629114200,8450,8450,8480,8440,129847
542,20200629114300,8450,8440,8470,8440,50457
543,20200629114400,8400,8440,8450,8400,52129
544,20200629114500,8400,8400,8410,8350,125780
545,20200629114600,8470,8390,8480,8390,68936
546,20200629114700,8470,8480,8520,8470,142505
547,20200629114800,8440,8470,8480,8410,54431
548,20200629114900,8490,8440,8500,8430,30703
549,20200629115000,8480,8480,8490,8460,17535
550,20200629115100,8470,8480,8480,8450,16649
551,20200629115200,8490,8460,8490,8460,21963
552,20200629115300,8500,8490,8540,8480,59092
553,20200629115400,8470,8500,8510,8450,34126
554,20200629115500,8420,8470,8480,8420,25998
555,20200629115600,8440,8440,8450,8390,85938
556,20200629115700,8400,8450,8450,8400,32881
557,20200629115800,8390,8410,8440,8380,49900
558,20200629115900,8360,8400,8400,8310,96621
559,20200629120000,8330,8350,8350,8290,119237
560,20200629120100,8270,8330,8330,8260,112310
561,20200629120200,8300,8270,8300,8260,91714
562,20200629120300,8280,8300,8320,8270,43846
563,20200629120400,8270,8290,8290,8240,67575
564,20200629120500,8310,8270,8310,8260,53320
565,20200629120600,8260,8310,8320,8260,27295
566,20200629120700,8260,8260,8270,8230,55826
567,20200629120800,8280,8260,8280,8220,41495
568,20200629120900,8250,8280,8290,8230,45669
569,20200629121000,8230,8240,8250,8220,36022
570,20200629121100,8270,8230,8280,8220,84558
571,20200629121200,8260,8270,8290,8240,30331
572,20200629121300,8250,8260,8260,8230,23774
573,20200629121400,8230,8250,8250,8220,14756
574,20200629121500,8260,8230,8270,8220,20591
575,20200629121600,8310,8260,8310,8250,54107
576,20200629121700,8320,8310,8330,8290,81177
577,20200629121800,8320,8320,8350,8290,82577
578,20200629121900,8340,8330,8360,8310,34417
579,20200629122000,8340,8340,8350,8330,24751
580,20200629122100,8320,8340,8340,8280,25098
581,20200629122200,8280,8320,8330,8280,24678
582,20200629122300,8350,8280,8360,8280,34075
583,20200629122400,8350,8350,8350,8330,16410
584,20200629122500,8340,8350,8350,8320,17119
585,20200629122600,8340,8350,8350,8300,27480
586,20200629122700,8300,8340,8340,8300,11287
587,20200629122800,8280,8310,8320,8280,18720
588,20200629122900,8340,8290,8340,8280,16859
589,20200629123000,8330,8340,8370,8320,40488
590,20200629123100,8280,8320,8340,8280,27095
591,20200629123200,8310,8280,8320,8280,7813
592,20200629123300,8330,8310,8340,8300,14208
593,20200629123400,8390,8320,8390,8320,44461
594,20200629123500,8420,8380,8420,8360,84622
595,20200629123600,8440,8420,8440,8410,93740
596,20200629123700,8410,8430,8440,8380,77362
597,20200629123800,8480,8420,8500,8400,106048
598,20200629123900,8470,8490,8500,8440,81409
599,20200629124000,8580,8480,8580,8470,163070
600,20200629124100,8600,8580,8600,8500,182290
601,20200629124200,8600,8600,8660,8590,197560
602,20200629124300,8630,8610,8640,8560,84470
603,20200629124400,8570,8640,8640,8560,76121
604,20200629124500,8460,8570,8570,8430,133907
605,20200629124600,8500,8460,8540,8450,58030
606,20200629124700,8470,8510,8510,8460,22238
607,20200629124800,8480,8470,8490,8420,51311
608,20200629124900,8400,8470,8490,8390,61784
609,20200629125000,8450,8410,8460,8400,37188
610,20200629125100,8530,8460,8570,8450,110889
611,20200629125200,8620,8540,8670,8520,176596
612,20200629125300,8600,8630,8640,8550,93854
613,20200629125400,8560,8600,8600,8540,29733
614,20200629125500,8750,8570,8750,8560,255538
615,20200629125600,8770,8750,8790,8680,239275
616,20200629125700,8900,8770,8940,8770,405956
617,20200629125800,8860,8900,8940,8770,297368
618,20200629125900,8810,8860,8890,8760,122056
619,20200629130000,8680,8800,8820,8670,243235
620,20200629130100,8660,8700,8710,8630,157616
621,20200629130200,8710,8660,8740,8640,140245
622,20200629130300,8680,8710,8780,8650,123410
623,20200629130400,8790,8670,8800,8650,98534
624,20200629130500,8700,8790,8790,8680,67300
625,20200629130600,8770,8690,8800,8690,92339
626,20200629130700,8840,8770,8840,8740,192349
627,20200629130800,8730,8830,8850,8720,117903
628,20200629130900,8780,8730,8790,8720,33731
629,20200629131000,8820,8780,8830,8760,64825
630,20200629131100,8700,8820,8900,8650,343227
631,20200629131200,8670,8700,8730,8590,169232
632,20200629131300,8600,8680,8700,8570,142281
633,20200629131400,8630,8600,8660,8580,37762
634,20200629131500,8620,8630,8640,8570,50572
635,20200629131600,8590,8610,8620,8530,127104
636,20200629131700,8590,8590,8600,8560,30276
637,20200629131800,8630,8580,8700,8580,77175
638,20200629131900,8580,8640,8640,8550,49123
639,20200629132000,8620,8580,8630,8540,49063
640,20200629132100,8600,8600,8650,8600,16749
641,20200629132200,8640,8610,8680,8590,41645
642,20200629132300,8690,8620,8730,8620,72299
643,20200629132400,8660,8690,8700,8630,36662
644,20200629132500,8620,8650,8660,8600,32607
645,20200629132600,8620,8620,8640,8600,33991
646,20200629132700,8600,8620,8620,8580,24192
647,20200629132800,8490,8600,8600,8470,138533
648,20200629132900,8540,8490,8560,8480,67771
649,20200629133000,8430,8530,8540,8400,147780
650,20200629133100,8430,8430,8450,8380,128815
651,20200629133200,8400,8430,8450,8370,74619
652,20200629133300,8390,8400,8410,8350,94311
653,20200629133400,8400,8410,8410,8370,24531
654,20200629133500,8440,8400,8440,8390,35081
655,20200629133600,8450,8440,8460,8420,60721
656,20200629133700,8390,8460,8460,8370,52650
657,20200629133800,8430,8380,8450,8370,25618
658,20200629133900,8430,8440,8440,8420,15716
659,20200629134000,8450,8420,8470,8420,37682
660,20200629134100,8430,8440,8450,8410,35743
661,20200629134200,8400,8430,8430,8370,37769
662,20200629134300,8390,8380,8400,8370,15780
663,20200629134400,8350,8400,8400,8310,98734
664,20200629134500,8370,8350,8390,8330,27929
665,20200629134600,8370,8370,8390,8360,14223
666,20200629134700,8320,8370,8370,8310,19621
667,20200629134800,8320,8310,8340,8280,89469
668,20200629134900,8340,8340,8340,8290,25016
669,20200629135000,8390,8330,8390,8320,22738
670,20200629135100,8390,8390,8420,8380,36414
671,20200629135200,8340,8380,8380,8330,16478
672,20200629135300,8400,8340,8400,8330,22568
673,20200629135400,8330,8400,8400,8330,24309
674,20200629135500,8340,8330,8370,8310,18441
675,20200629135600,8250,8350,8360,8250,48576
676,20200629135700,8300,8260,8310,8250,26588
677,20200629135800,8250,8290,8300,8250,31156
678,20200629135900,8260,8260,8280,8240,32563
679,20200629140000,8240,8260,8270,8220,50181
680,20200629140100,8210,8240,8260,8200,52934
681,20200629140200,8230,8210,8230,8190,44640
682,20200629140300,8290,8230,8290,8220,44842
683,20200629140400,8250,8280,8290,8240,28672
684,20200629140500,8280,8260,8280,8230,36791
685,20200629140600,8330,8280,8350,8240,46969
686,20200629140700,8360,8340,8390,8330,65049
687,20200629140800,8320,8360,8370,8310,35792
688,20200629140900,8350,8320,8360,8310,8042
689,20200629141000,8400,8350,8400,8340,36022
690,20200629141100,8380,8400,8420,8360,38382
691,20200629141200,8320,8380,8380,8320,21185
692,20200629141300,8300,8320,8330,8230,43861
693,20200629141400,8300,8310,8310,8260,11833
694,20200629141500,8230,8300,8300,8230,26360
695,20200629141600,8290,8240,8300,8230,6649
696,20200629141700,8260,8290,8290,8260,5809
697,20200629141800,8280,8260,8280,8250,11349
698,20200629141900,8320,8280,8330,8280,11319
699,20200629142000,8360,8310,8380,8310,23843
700,20200629142100,8350,8370,8370,8340,25258
701,20200629142200,8320,8350,8350,8310,13822
702,20200629142300,8300,8330,8330,8300,6061
703,20200629142400,8280,8300,8310,8280,8085
704,20200629142500,8300,8280,8300,8270,8749
705,20200629142600,8270,8300,8300,8270,6667
706,20200629142700,8270,8270,8280,8250,23475
707,20200629142800,8260,8260,8270,8250,6444
708,20200629142900,8250,8260,8270,8240,10252
709,20200629143000,8280,8250,8290,8250,9940
710,20200629143100,8330,8280,8340,8240,25283
711,20200629143200,8380,8320,8390,8310,46275
712,20200629143300,8400,8370,8420,8370,82502
713,20200629143400,8470,8390,8480,8380,70639
714,20200629143500,8500,8460,8550,8450,150397
715,20200629143600,8430,8500,8520,8410,78206
716,20200629143700,8400,8410,8430,8350,56801
717,20200629143800,8350,8400,8400,8340,26729
718,20200629143900,8310,8350,8360,8300,36414
719,20200629144000,8380,8310,8390,8300,22404
720,20200629144100,8370,8380,8390,8310,23096
721,20200629144200,8350,8370,8380,8330,20430
722,20200629144300,8310,8350,8350,8290,23066
723,20200629144400,8280,8300,8320,8250,53275
724,20200629144500,8320,8270,8320,8270,13198
725,20200629144600,8290,8320,8320,8270,12964
726,20200629144700,8380,8280,8380,8280,21322
727,20200629144800,8340,8370,8400,8340,30278
728,20200629144900,8330,8350,8350,8310,5706
729,20200629145000,8320,8320,8330,8300,14156
730,20200629145100,8320,8320,8340,8310,4021
731,20200629145200,8260,8320,8320,8260,21906
732,20200629145300,8270,8260,8300,8240,31965
733,20200629145400,8310,8270,8310,8260,15130
734,20200629145500,8300,8310,8320,8300,9815
735,20200629145600,8270,8300,8310,8260,12221
736,20200629145700,8240,8270,8280,8230,41081
737,20200629145800,8230,8240,8250,8210,45898
738,20200629145900,8220,8230,8240,8210,13778
739,20200629150000,8240,8220,8250,8220,18654
740,20200629150100,8230,8240,8240,8220,15286
741,20200629150200,8270,8230,8270,8230,10114
742,20200629150300,8210,8270,8270,8200,35230
743,20200629150400,8150,8210,8210,8150,132047
744,20200629150500,8160,8150,8170,8150,35411
745,20200629150600,8110,8160,8160,8100,79705
746,20200629150700,8100,8110,8160,8100,61677
747,20200629150800,8150,8100,8150,8070,70603
748,20200629150900,8150,8150,8160,8130,25205
749,20200629151000,8140,8150,8170,8130,35794
750,20200629151100,8180,8140,8200,8140,25877
751,20200629151200,8210,8190,8220,8180,23456
752,20200629151300,8250,8220,8250,8200,23753
753,20200629151400,8220,8250,8260,8210,45881
754,20200629151500,8190,8210,8220,8190,36620
755,20200629151600,8200,8200,8210,8190,31080
756,20200629151700,8230,8200,8230,8190,17906
757,20200629151800,8320,8220,8320,8220,82999
758,20200629151900,8320,8310,8340,8300,83540
759,20200629153000,8320,8320,8320,8320,155051
760,20200629153500,8320,8320,8320,8320,24836
761,20200630090000,8450,8590,8620,8420,229590
762,20200630090100,8550,8450,8580,8430,87899
763,20200630090200,8690,8530,8700,8530,212673
764,20200630090300,8650,8680,8690,8600,144073
765,20200630090400,8680,8670,8750,8650,234865
766,20200630090500,8760,8680,8760,8650,120437
767,20200630090600,8710,8760,8770,8680,136637
768,20200630090700,8640,8710,8720,8640,113077
769,20200630090800,8530,8650,8660,8510,102903
770,20200630090900,8660,8530,8680,8530,60533
771,20200630091000,8620,8660,8670,8590,29836
772,20200630091100,8550,8620,8630,8530,56056
773,20200630091200,8540,8560,8600,8530,28712
774,20200630091300,8510,8540,8550,8510,43528
775,20200630091400,8430,8510,8520,8420,109332
776,20200630091500,8530,8430,8580,8430,31501
777,20200630091600,8560,8550,8600,8520,41392
778,20200630091700,8490,8550,8550,8470,21994
779,20200630091800,8480,8490,8500,8470,25276
780,20200630091900,8470,8480,8490,8470,13492
781,20200630092000,8440,8470,8480,8430,35192
782,20200630092100,8500,8440,8500,8440,57425
783,20200630092200,8520,8500,8540,8490,25660
784,20200630092300,8490,8510,8520,8450,27937
785,20200630092400,8440,8490,8490,8430,28347
786,20200630092500,8420,8440,8470,8410,33752
787,20200630092600,8380,8420,8420,8380,60187
788,20200630092700,8430,8380,8430,8350,48317
789,20200630092800,8400,8430,8430,8400,13694
790,20200630092900,8370,8400,8410,8370,17581
791,20200630093000,8460,8370,8460,8360,25961
792,20200630093100,8480,8450,8480,8440,27133
793,20200630093200,8450,8470,8480,8450,9524
794,20200630093300,8400,8440,8440,8380,10987
795,20200630093400,8430,8400,8430,8380,7355
796,20200630093500,8410,8430,8430,8380,3798
797,20200630093600,8400,8400,8420,8370,10303
798,20200630093700,8370,8370,8380,8360,13228
799,20200630093800,8350,8370,8380,8310,64772
800,20200630093900,8350,8340,8350,8330,14567
801,20200630094000,8370,8350,8370,8330,12080
802,20200630094100,8380,8360,8400,8360,19870
803,20200630094200,8430,8360,8430,8360,9718
804,20200630094300,8430,8430,8450,8400,14873
805,20200630094400,8430,8430,8450,8420,10454
806,20200630094500,8430,8430,8440,8410,8252
807,20200630094600,8430,8430,8440,8420,3438
808,20200630094700,8430,8430,8440,8420,3725
809,20200630094800,8410,8420,8430,8410,8114
810,20200630094900,8390,8400,8410,8390,23029
811,20200630095000,8390,8390,8400,8380,6035
812,20200630095100,8380,8390,8390,8380,5533
813,20200630095200,8370,8380,8380,8370,4012
814,20200630095300,8360,8370,8390,8360,14103
815,20200630095400,8360,8360,8360,8350,6164
816,20200630095500,8370,8360,8370,8350,6538
817,20200630095600,8360,8360,8370,8350,10385
818,20200630095700,8370,8370,8380,8350,10526
819,20200630095800,8360,8380,8400,8360,21744
820,20200630095900,8360,8360,8370,8360,21189
821,20200630100000,8360,8360,8370,8350,5845
822,20200630100100,8340,8360,8370,8340,19988
823,20200630100200,8330,8340,8360,8330,5231
824,20200630100300,8330,8330,8340,8330,8700
825,20200630100400,8320,8330,8340,8320,10043
826,20200630100500,8310,8330,8330,8310,21290
827,20200630100600,8330,8310,8340,8310,10299
828,20200630100700,8330,8330,8340,8320,5746
829,20200630100800,8340,8330,8340,8320,2056
830,20200630100900,8400,8340,8400,8330,13811
831,20200630101000,8420,8380,8430,8360,13594
832,20200630101100,8410,8430,8440,8410,26021
833,20200630101200,8410,8410,8420,8380,3993
834,20200630101300,8380,8400,8410,8380,1359
835,20200630101400,8380,8380,8390,8370,4114
836,20200630101500,8400,8390,8400,8380,1432
837,20200630101600,8430,8390,8430,8390,17312
838,20200630101700,8450,8420,8450,8420,19047
839,20200630101800,8430,8440,8450,8400,34158
840,20200630101900,8460,8430,8460,8430,19098
841,20200630102000,8420,8460,8460,8420,17216
842,20200630102100,8410,8430,8450,8410,13318
843,20200630102200,8400,8410,8430,8400,20316
844,20200630102300,8380,8400,8410,8380,2097
845,20200630102400,8340,8390,8390,8340,13157
846,20200630102500,8320,8340,8360,8310,28088
847,20200630102600,8330,8320,8340,8310,13103
848,20200630102700,8360,8330,8370,8330,3908
849,20200630102800,8340,8370,8380,8330,7480
850,20200630102900,8320,8340,8340,8320,16932
851,20200630103000,8310,8320,8330,8310,30618
852,20200630103100,8290,8310,8320,8280,29929
853,20200630103200,8240,8280,8300,8240,18910
854,20200630103300,8250,8240,8250,8210,32668
855,20200630103400,8220,8230,8260,8220,18965
856,20200630103500,8230,8240,8250,8200,43518
857,20200630103600,8160,8220,8230,8140,49208
858,20200630103700,8080,8180,8180,8080,74253
859,20200630103800,8120,8090,8130,8080,37040
860,20200630103900,8120,8120,8120,8090,15026
861,20200630104000,8020,8110,8110,8000,63910
862,20200630104100,7900,8020,8050,7800,114110
863,20200630104200,7900,7900,7970,7860,66572
864,20200630104300,7900,7910,7910,7850,66560
865,20200630104400,7920,7890,7920,7880,63794
866,20200630104500,8000,7920,8000,7920,42304
867,20200630104600,8020,7990,8080,7990,40208
868,20200630104700,8040,8020,8090,8020,37734
869,20200630104800,7990,8040,8040,7990,24257
870,20200630104900,7980,7990,7990,7950,17430
871,20200630105000,8020,7980,8040,7970,25257
872,20200630105100,8010,8020,8030,8000,4676
873,20200630105200,7960,8010,8020,7840,83921
874,20200630105300,7920,7880,7950,7880,13845
875,20200630105400,7900,7910,7920,7880,13452
876,20200630105500,7910,7890,7940,7890,15649
877,20200630105600,7970,7940,7970,7910,15446
878,20200630105700,8000,7970,8000,7960,11227
879,20200630105800,7970,8000,8000,7950,14229
880,20200630105900,7940,7960,7960,7930,6764
881,20200630110000,7940,7940,7960,7930,11725
882,20200630110100,7980,7950,7980,7940,10736
883,20200630110200,8000,7970,8030,7970,13472
884,20200630110300,8050,8010,8070,8010,10410
885,20200630110400,8060,8060,8090,8030,33613
886,20200630110500,8060,8050,8060,8040,6033
887,20200630110600,8050,8060,8060,8040,8000
888,20200630110700,8060,8060,8060,8050,4199
889,20200630110800,8020,8060,8060,8020,46012
890,20200630110900,8000,8010,8030,8000,6879
891,20200630111000,7960,8000,8010,7960,12510
892,20200630111100,7980,8000,8000,7970,1822
893,20200630111200,7980,7980,7990,7980,2812
894,20200630111300,7970,7980,7990,7970,6832
895,20200630111400,8020,7980,8020,7970,9976
896,20200630111500,7990,8020,8030,7990,2372
897,20200630111600,7970,8000,8000,7970,5277
898,20200630111700,7970,7980,7980,7970,2853
899,20200630111800,7960,7970,7980,7960,5136
900,20200630111900,7960,7970,7980,7960,3740
901,20200630112000,7960,7970,7980,7960,6671
902,20200630112100,7960,7950,7960,7950,3987
903,20200630112200,8020,7960,8020,7960,5229
904,20200630112300,8000,8010,8020,7990,2803
905,20200630112400,8010,8000,8040,7990,6642
906,20200630112500,8090,8040,8090,8020,15050
907,20200630112600,8080,8080,8100,8070,11074
908,20200630112700,8040,8070,8070,8040,7140
909,20200630112800,8110,8040,8120,8040,25807
910,20200630112900,8160,8070,8160,8070,18651
911,20200630113000,8100,8160,8160,8100,20911
912,20200630113100,8080,8100,8130,8080,4216
913,20200630113200,8110,8080,8110,8080,782
914,20200630113300,8100,8100,8100,8080,2587
915,20200630113400,8070,8090,8090,8070,3158
916,20200630113500,8070,8070,8080,8050,1861
917,20200630113600,8070,8070,8080,8070,799
918,20200630113700,8060,8080,8080,8060,3106
919,20200630113800,8090,8060,8090,8060,3744
920,20200630113900,8100,8090,8110,8090,3370
921,20200630114000,8140,8110,8140,8110,4218
922,20200630114100,8120,8140,8140,8120,13300
923,20200630114200,8160,8130,8160,8130,7607
924,20200630114300,8100,8160,8160,8100,13520
925,20200630114400,8120,8110,8120,8100,1859
926,20200630114500,8110,8120,8130,8100,5537
927,20200630114600,8110,8100,8110,8100,460
928,20200630114700,8120,8100,8120,8100,1953
929,20200630114800,8140,8120,8140,8120,6617
930,20200630114900,8110,8140,8140,8110,2144
931,20200630115000,8120,8120,8130,8110,1198
932,20200630115100,8130,8120,8140,8120,3493
933,20200630115200,8120,8130,8130,8120,2653
934,20200630115300,8130,8120,8130,8110,6510
935,20200630115400,8110,8120,8120,8110,1497
936,20200630115500,8130,8110,8130,8110,2534
937,20200630115600,8160,8130,8170,8130,6816
938,20200630115700,8160,8160,8170,8150,4026
939,20200630115800,8160,8160,8180,8160,8905
940,20200630115900,8200,8160,8200,8150,15791
941,20200630120000,8190,8200,8200,8180,23839
942,20200630120100,8190,8190,8190,8190,4472
943,20200630120200,8220,8190,8220,8180,15730
944,20200630120300,8300,8230,8300,8220,53561
945,20200630120400,8440,8290,8460,8290,132182
946,20200630120500,8390,8430,8440,8340,60243
947,20200630120600,8370,8400,8400,8370,52764
948,20200630120700,8330,8370,8370,8330,23973
949,20200630120800,8330,8330,8340,8300,15544
950,20200630120900,8330,8330,8340,8320,4223
951,20200630121000,8320,8320,8350,8310,6773
952,20200630121100,8290,8320,8320,8280,13362
953,20200630121200,8260,8280,8290,8240,6148
954,20200630121300,8230,8240,8260,8210,19239
955,20200630121400,8270,8230,8270,8230,4666
956,20200630121500,8250,8260,8270,8250,4575
957,20200630121600,8220,8250,8250,8200,24257
958,20200630121700,8210,8220,8220,8200,11422
959,20200630121800,8200,8200,8210,8200,5092
960,20200630121900,8210,8210,8220,8200,1891
961,20200630122000,8270,8210,8270,8210,7181
962,20200630122100,8270,8270,8280,8270,2614
963,20200630122200,8270,8270,8280,8270,8339
964,20200630122300,8270,8270,8270,8260,2243
965,20200630122400,8250,8270,8270,8250,1023
966,20200630122500,8270,8250,8300,8250,7064
967,20200630122600,8270,8270,8280,8270,1865
968,20200630122700,8310,8280,8310,8280,9605
969,20200630122800,8300,8300,8310,8290,5109
970,20200630122900,8300,8290,8300,8280,3482
971,20200630123000,8280,8290,8300,8280,5048
972,20200630123100,8290,8280,8300,8280,763
973,20200630123200,8300,8290,8300,8290,5150
974,20200630123300,8320,8300,8320,8290,6653
975,20200630123400,8340,8320,8340,8310,7872
976,20200630123500,8350,8330,8350,8330,12263
977,20200630123600,8350,8350,8360,8350,7222
978,20200630123700,8350,8350,8360,8340,8061
979,20200630123800,8310,8350,8350,8310,6873
980,20200630123900,8280,8300,8310,8280,3018
981,20200630124000,8270,8290,8300,8270,4899
982,20200630124100,8270,8280,8280,8270,1253
983,20200630124200,8250,8270,8290,8250,6955
984,20200630124300,8230,8250,8260,8210,14338
985,20200630124400,8250,8230,8260,8230,7900
986,20200630124500,8240,8240,8240,8220,8230
987,20200630124600,8240,8240,8250,8240,5912
988,20200630124700,8270,8240,8270,8240,14602
989,20200630124800,8310,8280,8320,8280,10321
990,20200630124900,8310,8320,8320,8300,3650
991,20200630125000,8310,8310,8310,8300,956
992,20200630125100,8300,8310,8310,8300,1234
993,20200630125200,8280,8300,8300,8280,9777
994,20200630125300,8280,8280,8290,8280,818
995,20200630125400,8290,8280,8290,8270,926
996,20200630125500,8280,8290,8290,8270,1947
997,20200630125600,8260,8270,8270,8260,895
998,20200630125700,8280,8270,8280,8260,2339
999,20200630125800,8290,8280,8290,8280,908
1000,20200630125900,8310,8290,8310,8290,2883
1001,20200630130000,8340,8300,8340,8300,9028
1002,20200630130100,8340,8340,8350,8320,9520
1003,20200630130200,8370,8320,8370,8320,11808
1004,20200630130300,8340,8370,8370,8340,9471
1005,20200630130400,8330,8350,8350,8330,8048
1006,20200630130500,8310,8330,8340,8310,2935
1007,20200630130600,8300,8310,8320,8300,3167
1008,20200630130700,8340,8310,8350,8300,18559
1009,20200630130800,8350,8350,8350,8330,3184
1010,20200630130900,8350,8350,8350,8340,4449
1011,20200630131000,8350,8350,8360,8340,3204
1012,20200630131100,8330,8340,8350,8330,16068
1013,20200630131200,8320,8330,8340,8310,16744
1014,20200630131300,8320,8320,8330,8320,2305
1015,20200630131400,8360,8330,8360,8330,4147
1016,20200630131500,8380,8350,8400,8340,35062
1017,20200630131600,8390,8390,8410,8380,26543
1018,20200630131700,8380,8380,8400,8370,15136
1019,20200630131800,8380,8380,8390,8370,14758
1020,20200630131900,8370,8370,8380,8350,4688
1021,20200630132000,8320,8360,8360,8320,6546
1022,20200630132100,8340,8320,8340,8310,5751
1023,20200630132200,8310,8340,8340,8310,3508
1024,20200630132300,8340,8320,8340,8320,1223
1025,20200630132400,8330,8340,8350,8330,2616
1026,20200630132500,8320,8330,8330,8320,3649
1027,20200630132600,8300,8320,8320,8300,6622
1028,20200630132700,8290,8300,8310,8280,4852
1029,20200630132800,8290,8280,8290,8270,9031
1030,20200630132900,8300,8300,8300,8290,1020
1031,20200630133000,8290,8300,8310,8290,721
1032,20200630133100,8290,8290,8300,8290,2150
1033,20200630133200,8290,8290,8290,8280,1894
1034,20200630133300,8280,8290,8290,8270,4905
1035,20200630133400,8270,8280,8290,8270,2238
1036,20200630133500,8260,8270,8280,8250,11777
1037,20200630133600,8260,8250,8260,8240,9842
1038,20200630133700,8260,8250,8260,8240,2520
1039,20200630133800,8260,8260,8270,8260,782
1040,20200630133900,8270,8260,8270,8260,691
1041,20200630134000,8280,8270,8280,8260,1238
1042,20200630134100,8270,8280,8280,8270,1633
1043,20200630134200,8290,8270,8290,8270,4962
1044,20200630134300,8280,8280,8290,8280,4037
1045,20200630134400,8280,8280,8290,8280,2624
1046,20200630134500,8290,8280,8300,8280,962
1047,20200630134600,8300,8290,8300,8290,2373
1048,20200630134700,8330,8300,8330,8300,4584
1049,20200630134800,8340,8320,8340,8320,4627
1050,20200630134900,8360,8330,8370,8330,10172
1051,20200630135000,8380,8360,8380,8360,7981
1052,20200630135100,8360,8380,8380,8360,8050
1053,20200630135200,8330,8370,8370,8330,9971
1054,20200630135300,8330,8330,8330,8330,1065
1055,20200630135400,8300,8330,8330,8300,3442
1056,20200630135500,8320,8300,8320,8300,4360
1057,20200630135600,8290,8310,8320,8290,10630
1058,20200630135700,8290,8290,8300,8280,8352
1059,20200630135800,8310,8290,8310,8280,4072
1060,20200630135900,8300,8310,8320,8300,7457
1061,20200630140000,8310,8310,8310,8300,867
1062,20200630140100,8300,8300,8310,8280,5780
1063,20200630140200,8300,8310,8310,8290,2709
1064,20200630140300,8320,8300,8320,8290,4031
1065,20200630140400,8310,8310,8310,8300,2734
1066,20200630140500,8450,8310,8480,8300,184873
1067,20200630140600,8450,8450,8460,8410,49095
1068,20200630140700,8350,8440,8450,8330,39186
1069,20200630140800,8270,8350,8370,8270,22726
1070,20200630140900,8320,8270,8330,8230,31449
1071,20200630141000,8310,8330,8330,8300,7428
1072,20200630141100,8330,8320,8340,8320,3181
1073,20200630141200,8300,8330,8330,8290,11883
1074,20200630141300,8300,8300,8300,8280,6177
1075,20200630141400,8270,8300,8300,8270,8352
1076,20200630141500,8270,8270,8280,8260,7597
1077,20200630141600,8280,8260,8280,8260,2406
1078,20200630141700,8280,8280,8300,8280,714
1079,20200630141800,8270,8280,8300,8270,3314
1080,20200630141900,8290,8280,8290,8270,930
1081,20200630142000,8330,8290,8330,8280,6020
1082,20200630142100,8320,8330,8340,8320,8855
1083,20200630142200,8310,8320,8320,8310,4087
1084,20200630142300,8280,8310,8310,8280,5382
1085,20200630142400,8320,8290,8320,8280,6494
1086,20200630142500,8330,8310,8330,8300,8849
1087,20200630142600,8340,8330,8360,8330,11540
1088,20200630142700,8340,8340,8350,8320,8223
1089,20200630142800,8310,8330,8340,8310,1678
1090,20200630142900,8310,8310,8320,8300,5253
1091,20200630143000,8320,8310,8320,8310,1114
1092,20200630143100,8300,8320,8340,8300,4021
1093,20200630143200,8330,8300,8330,8300,326
1094,20200630143300,8340,8320,8340,8300,5901
1095,20200630143400,8320,8330,8330,8320,183
1096,20200630143500,8320,8320,8320,8310,3018
1097,20200630143600,8300,8320,8320,8300,10254
1098,20200630143700,8310,8300,8310,8300,5927
1099,20200630143800,8290,8310,8310,8290,4537
1100,20200630143900,8310,8300,8310,8290,8250
1101,20200630144000,8290,8300,8310,8290,7746
1102,20200630144100,8290,8290,8300,8290,3933
1103,20200630144200,8250,8290,8290,8200,50270
1104,20200630144300,8250,8250,8270,8240,9091
1105,20200630144400,8270,8250,8270,8250,3458
1106,20200630144500,8260,8270,8270,8240,3764
1107,20200630144600,8240,8250,8250,8240,4543
1108,20200630144700,8250,8240,8250,8230,2250
1109,20200630144800,8270,8260,8280,8260,2636
1110,20200630144900,8280,8280,8290,8280,1277
1111,20200630145000,8270,8280,8280,8260,5206
1112,20200630145100,8260,8270,8270,8250,4031
1113,20200630145200,8250,8260,8260,8250,2065
1114,20200630145300,8280,8250,8280,8250,7308
1115,20200630145400,8310,8290,8320,8270,13728
1116,20200630145500,8340,8310,8340,8310,9277
1117,20200630145600,8330,8340,8350,8330,15633
1118,20200630145700,8330,8320,8340,8310,4940
1119,20200630145800,8330,8330,8330,8320,7301
1120,20200630145900,8330,8330,8340,8330,8352
1121,20200630150000,8340,8330,8340,8330,2862
1122,20200630150100,8370,8330,8400,8330,35404
1123,20200630150200,8370,8390,8390,8360,4534
1124,20200630150300,8340,8370,8370,8340,6809
1125,20200630150400,8340,8340,8350,8330,2526
1126,20200630150500,8360,8340,8360,8340,2555
1127,20200630150600,8370,8360,8370,8350,7945
1128,20200630150700,8380,8370,8390,8370,21605
1129,20200630150800,8360,8380,8390,8340,12133
1130,20200630150900,8350,8360,8370,8340,8011
1131,20200630151000,8340,8350,8360,8340,6255
1132,20200630151100,8360,8340,8370,8340,18300
1133,20200630151200,8340,8360,8360,8330,16111
1134,20200630151300,8330,8350,8350,8330,8507
1135,20200630151400,8330,8330,8340,8310,8698
1136,20200630151500,8330,8320,8330,8320,9274
1137,20200630151600,8330,8330,8350,8330,16869
1138,20200630151700,8320,8330,8350,8320,10126
1139,20200630151800,8340,8330,8350,8330,8675
1140,20200630151900,8400,8340,8400,8330,36718
1141,20200630153000,8400,8400,8400,8400,59088
1142,20200630153500,8400,8400,8400,8400,7155
1143,20200701090000,8580,8530,8600,8530,106632
1144,20200701090100,8460,8580,8580,8450,109375
1145,20200701090200,8500,8450,8510,8410,61465
1146,20200701090300,8530,8500,8540,8470,40167
1147,20200701090400,8530,8540,8550,8490,53376
1148,20200701090500,8650,8520,8650,8520,93870
1149,20200701090600,8810,8640,8840,8640,218668
1150,20200701090700,8840,8820,8900,8750,287595
1151,20200701090800,8900,8800,8930,8790,213297
1152,20200701090900,8900,8910,8910,8840,146258
1153,20200701091000,8920,8900,8980,8880,194154
1154,20200701091100,8920,8930,8930,8820,140479
1155,20200701091200,8820,8920,8930,8820,116766
1156,20200701091300,8710,8820,8830,8710,200272
1157,20200701091400,8730,8730,8780,8700,94966
1158,20200701091500,8780,8730,8790,8720,53575
1159,20200701091600,8810,8780,8830,8760,54402
1160,20200701091700,8800,8820,8840,8790,89063
1161,20200701091800,8740,8800,8810,8730,62059
1162,20200701091900,8620,8730,8740,8510,131549
1163,20200701092000,8640,8630,8680,8620,59887
1164,20200701092100,8590,8640,8650,8590,54411
1165,20200701092200,8640,8590,8650,8580,90869
1166,20200701092300,8630,8640,8650,8590,47789
1167,20200701092400,8560,8630,8640,8560,39805
1168,20200701092500,8540,8570,8590,8500,99622
1169,20200701092600,8590,8550,8590,8550,29022
1170,20200701092700,8600,8590,8630,8580,49158
1171,20200701092800,8530,8590,8600,8530,26181
1172,20200701092900,8480,8530,8540,8480,56873
1173,20200701093000,8550,8470,8550,8440,62441
1174,20200701093100,8570,8550,8590,8540,62695
1175,20200701093200,8530,8560,8570,8520,23078
1176,20200701093300,8460,8530,8530,8460,27172
1177,20200701093400,8510,8470,8520,8450,31002
1178,20200701093500,8540,8510,8540,8500,14227
1179,20200701093600,8510,8540,8550,8500,15008
1180,20200701093700,8540,8530,8540,8510,12346
1181,20200701093800,8490,8530,8530,8480,30472
1182,20200701093900,8500,8480,8510,8460,23563
1183,20200701094000,8550,8510,8570,8480,21215
1184,20200701094100,8570,8580,8630,8570,53796
1185,20200701094200,8590,8580,8590,8550,12752
1186,20200701094300,8570,8590,8590,8570,25588
1187,20200701094400,8520,8570,8570,8480,23882
1188,20200701094500,8490,8520,8520,8480,16903
1189,20200701094600,8510,8490,8520,8490,5924
1190,20200701094700,8480,8510,8530,8470,18598
1191,20200701094800,8460,8480,8480,8430,63635
1192,20200701094900,8520,8460,8520,8450,15606
1193,20200701095000,8490,8520,8520,8470,5364
1194,20200701095100,8440,8490,8490,8440,9480
1195,20200701095200,8470,8440,8500,8440,19790
1196,20200701095300,8540,8470,8550,8470,25301
1197,20200701095400,8540,8530,8560,8510,16404
1198,20200701095500,8510,8540,8540,8500,9417
1199,20200701095600,8480,8520,8520,8480,6696
1200,20200701095700,8470,8500,8500,8460,8983
1201,20200701095800,8500,8500,8500,8480,4635
1202,20200701095900,8520,8500,8520,8480,10557
1203,20200701100000,8530,8510,8530,8510,3625
1204,20200701100100,8550,8520,8550,8520,12996
1205,20200701100200,8510,8530,8540,8490,29446
1206,20200701100300,8490,8510,8520,8480,7073
1207,20200701100400,8490,8490,8490,8480,3836
1208,20200701100500,8470,8490,8500,8460,22112
1209,20200701100600,8480,8460,8480,8460,5012
1210,20200701100700,8470,8480,8490,8470,4196
1211,20200701100800,8450,8470,8470,8450,31451
1212,20200701100900,8450,8450,8460,8440,11119
1213,20200701101000,8460,8460,8480,8450,8626
1214,20200701101100,8480,8470,8480,8460,5513
1215,20200701101200,8490,8480,8490,8460,4959
1216,20200701101300,8470,8490,8490,8470,6098
1217,20200701101400,8500,8480,8500,8480,1157
1218,20200701101500,8500,8500,8510,8490,10453
1219,20200701101600,8500,8500,8510,8490,2186
1220,20200701101700,8500,8500,8500,8490,2720
1221,20200701101800,8480,8490,8490,8470,4198
1222,20200701101900,8490,8480,8500,8480,3019
1223,20200701102000,8520,8490,8520,8490,11155
1224,20200701102100,8530,8510,8540,8510,19605
1225,20200701102200,8530,8530,8540,8520,14219
1226,20200701102300,8520,8540,8540,8510,19907
1227,20200701102400,8540,8530,8550,8520,8976
1228,20200701102500,8580,8550,8590,8540,29383
1229,20200701102600,8590,8580,8610,8570,38274
1230,20200701102700,8590,8570,8600,8570,19049
1231,20200701102800,8540,8600,8600,8510,37327
1232,20200701102900,8540,8540,8550,8520,6821
1233,20200701103000,8530,8540,8550,8520,5055
1234,20200701103100,8520,8520,8530,8510,6303
1235,20200701103200,8520,8520,8530,8510,3766
1236,20200701103300,8530,8520,8540,8520,7111
1237,20200701103400,8530,8530,8530,8520,3361
1238,20200701103500,8530,8530,8540,8510,2010
1239,20200701103600,8530,8540,8540,8530,1250
1240,20200701103700,8540,8530,8540,8520,3196
1241,20200701103800,8530,8540,8540,8520,6185
1242,20200701103900,8590,8530,8590,8530,18482
1243,20200701104000,8560,8590,8590,8560,12245
1244,20200701104100,8560,8570,8570,8550,5517
1245,20200701104200,8550,8560,8560,8540,2451
1246,20200701104300,8540,8550,8560,8540,3730
1247,20200701104400,8540,8540,8550,8530,2090
1248,20200701104500,8540,8540,8550,8540,1195
1249,20200701104600,8550,8540,8550,8540,2439
1250,20200701104700,8530,8540,8540,8530,6097
1251,20200701104800,8520,8530,8530,8520,8448
1252,20200701104900,8500,8510,8520,8500,17233
1253,20200701105000,8500,8500,8530,8500,4389
1254,20200701105100,8510,8510,8510,8500,3055
1255,20200701105200,8500,8510,8510,8500,3208
1256,20200701105300,8490,8500,8500,8490,6729
1257,20200701105400,8490,8500,8500,8490,3799
1258,20200701105500,8490,8490,8500,8480,4424
1259,20200701105600,8480,8490,8490,8470,3728
1260,20200701105700,8480,8480,8480,8470,2609
1261,20200701105800,8490,8490,8490,8480,2869
1262,20200701105900,8530,8480,8530,8480,5292
1263,20200701110000,8560,8520,8570,8520,11044
1264,20200701110100,8540,8550,8560,8530,9243
1265,20200701110200,8530,8530,8540,8500,4101
1266,20200701110300,8510,8530,8540,8510,2727
1267,20200701110400,8520,8530,8530,8520,353
1268,20200701110500,8500,8520,8530,8500,4373
1269,20200701110600,8490,8500,8520,8490,2370
1270,20200701110700,8490,8490,8500,8480,6431
