Date,Open,High,Low,Close,Volume,Dividends,Stock Splits
2013-03-04,538.52,539.85,537.36,537.38,372100,0,0
2013-03-05,540.43,544.11,540.43,543.96,455100,0,0
2013-03-06,547.57,547.61,542.7,544.36,486300,0,0
2013-03-07,545.4,545.42,538.29,541.3,509600,0,0
2013-03-08,542.79,544.01,539.59,543.1,0,0,0
2013-03-15,556.63,556.63,553.42,554.81,0,0,0
2013-03-22,546.22,551.43,546.1,551.25,0,0,0
2013-04-05,556.92,558.29,543.57,547.51,0,0,0
2013-04-08,547.18,548.09,528.78,528.78,459600,0,0
2013-04-09,526.04,535.3,517.1,528.15,494100,0,0
2013-04-10,530.92,534.84,527.75,534.84,395900,0,0
2013-04-11,540.07,544.53,535.77,544.3,440500,0,0
2013-04-12,547.65,551.02,546.72,547.19,0,0,0
2013-04-15,550.09,554.31,549.64,553.99,417300,0,0
2013-04-16,548.45,558.95,548.33,558.95,437500,0,0
2013-04-17,562.5,563.39,556.65,558.54,467400,0,0
2013-04-18,556.61,558.93,551.1,551.1,416500,0,0
2013-04-19,549.78,551.06,540.16,541.46,448200,0,0
2013-04-25,564.64,565.83,559.0,559.4,0,0,0
2013-04-26,562.69,565.64,562.06,565.35,0,0,0
2013-04-30,570.24,570.28,562.31,563.87,0,0,0
2013-05-03,563.87,565.33,559.49,565.33,0,0,0
2013-05-10,574.51,574.51,569.44,569.7,0,0,0
2013-05-16,568.61,568.62,565.87,566.06,0,0,0
2013-05-24,572.26,574.07,569.42,574.06,0,0,0
2013-05-31,583.14,583.81,571.61,577.87,0,0,0
2013-06-05,560.38,560.56,549.09,549.09,0,0,0
2013-06-07,550.34,551.57,531.03,535.75,0,0,0
2013-06-14,545.98,546.55,534.31,536.04,0,0,0
2013-06-21,513.58,520.89,507.3,520.89,0,0,0
2013-06-28,516.63,519.65,514.63,519.06,0,0,0
2013-07-05,528.04,529.75,522.77,525.4,0,0,0
2013-07-12,530.37,532.48,528.23,532.47,0,0,0
2013-07-19,545.43,546.08,540.32,541.87,0,0,0
2013-07-26,543.87,545.33,542.51,545.31,0,0,0
2013-07-29,547.26,547.69,540.98,540.98,0,0,0
2013-07-30,542.86,546.43,542.64,546.43,366000,0,0
2013-07-31,548.72,554.65,547.78,554.31,354800,0,0
2013-08-01,557.68,557.79,549.52,549.52,328000,0,0
2013-08-02,553.24,554.65,549.67,551.76,336300,0,0
2013-08-05,553.68,556.92,553.32,556.6,342500,0,0
2013-08-06,558.38,558.95,554.98,557.36,347100,0,0
2013-08-07,556.94,559.14,554.73,554.73,352900,0,0
2013-08-08,556.93,558.01,555.06,555.3,341200,0,0
2013-08-09,556.79,557.1,553.65,554.93,349800,0,0
2013-08-12,555.15,555.46,549.13,550.25,376500,0,0
2013-08-13,552.06,552.52,548.51,550.85,459800,0,0
2013-08-14,553.6,554.38,550.87,550.87,419700,0,0
2013-08-16,544.77,549.79,544.6,548.79,397000,0,0
2013-08-19,550.75,551.22,549.35,550.49,396200,0,0
2013-08-20,550.0,551.46,537.56,537.57,516300,0,0
2013-08-21,540.21,540.71,523.93,530.54,503900,0,0
2013-08-22,524.87,525.06,514.64,517.64,461300,0,0
2013-08-23,523.55,529.38,523.55,529.19,321600,0,0
2013-08-26,532.43,533.91,532.37,533.73,332500,0,0
2013-08-27,533.5,533.94,523.92,524.39,384900,0,0
2013-08-28,514.59,519.8,511.65,517.44,387600,0,0
2013-08-29,520.93,523.19,520.36,520.37,301600,0,0
2013-08-30,522.11,523.04,515.83,516.74,399600,0,0
2013-09-02,518.62,525.19,518.62,525.18,0,0,0
2013-09-03,527.71,529.2,525.7,525.89,343800,0,0
2013-09-04,526.95,527.24,525.23,526.16,348300,0,0
2013-09-05,529.19,529.67,527.98,528.06,351600,0,0
2013-09-06,529.75,530.14,523.03,523.77,457600,0,0
2013-09-09,526.67,526.85,520.22,521.11,469200,0,0
2013-09-10,523.85,524.23,520.53,523.15,317300,0,0
2013-09-11,526.38,529.34,526.28,529.34,278300,0,0
2013-09-12,530.87,532.24,527.66,529.58,290200,0,0
2013-09-13,530.69,531.76,530.34,530.89,247200,0,0
2013-09-16,528.84,529.4,526.2,526.2,245500,0,0
2013-09-17,527.54,528.17,525.76,527.11,221800,0,0
2013-09-23,528.91,529.98,526.77,527.07,258500,0,0
2013-09-24,527.31,528.89,523.84,527.29,304100,0,0
2013-09-25,528.95,529.56,525.51,527.27,284300,0,0
2013-09-26,528.59,532.96,528.59,532.83,268900,0,0
2013-09-27,535.21,537.7,535.04,537.5,293700,0,0
2013-09-30,538.0,538.0,534.49,534.89,297000,0,0
2013-10-01,534.09,536.01,524.86,530.35,352700,0,0
2013-10-02,534.26,534.83,531.79,532.02,288900,0,0
2013-10-04,531.68,532.94,527.88,532.01,287100,0,0
2013-10-07,533.79,534.56,528.43,528.44,300700,0,0
2013-10-08,527.51,528.83,525.07,528.83,315900,0,0
2013-10-10,528.5,531.45,528.5,529.04,304400,0,0
2013-10-11,534.33,534.71,532.3,532.6,318000,0,0
2013-10-14,534.58,534.67,531.5,531.66,352100,0,0
2013-10-15,534.28,535.32,532.5,533.12,363000,0,0
2013-10-16,534.9,535.49,524.55,525.68,411600,0,0
2013-10-17,530.09,530.15,519.93,521.52,347500,0,0
2013-10-18,522.51,525.69,521.6,525.69,294300,0,0
2013-10-21,527.97,529.39,526.71,529.34,286300,0,0
2013-10-22,530.26,531.9,529.4,531.89,310900,0,0
2013-10-23,533.99,533.99,525.37,525.38,339000,0,0
2013-10-24,526.21,531.04,524.36,531.03,323100,0,0
2013-10-25,533.43,534.28,531.8,534.02,333900,0,0
2013-10-28,536.38,536.77,533.96,534.98,332000,0,0
2013-10-29,535.9,536.19,533.47,533.91,328200,0,0
2013-10-30,535.98,538.08,535.0,537.68,347700,0,0
2013-10-31,537.71,537.71,532.44,532.44,313100,0,0
2013-11-01,533.9,534.87,533.41,534.74,366500,0,0
2013-11-04,536.21,536.46,533.63,533.64,310700,0,0
2013-11-05,535.0,535.22,528.24,528.73,326600,0,0
2013-11-06,528.75,529.89,525.89,525.99,319400,0,0
2013-11-07,527.91,527.91,520.21,520.65,344500,0,0
2013-11-08,517.02,521.06,515.61,515.74,311400,0,0
2013-11-11,517.37,517.92,502.44,502.94,364300,0,0
2013-11-12,504.13,510.73,504.13,510.73,288500,0,0
2013-11-13,511.62,512.83,504.92,505.6,298300,0,0
2013-11-14,509.35,511.89,506.85,511.75,275800,0,0
2013-11-15,514.07,514.67,512.0,512.74,313000,0,0
2013-11-18,515.22,515.22,508.98,509.54,290400,0,0
2013-11-19,509.27,510.67,504.05,505.5,300500,0,0
2013-11-20,506.15,507.09,504.03,504.16,237700,0,0
2013-11-21,504.87,504.89,499.99,501.05,244900,0,0
2013-11-22,503.89,504.86,502.89,504.06,266000,0,0
2013-11-25,505.78,508.31,505.68,507.76,214700,0,0
2013-11-26,509.04,510.57,507.15,510.54,259400,0,0
2013-11-27,511.88,513.64,510.25,511.65,286800,0,0
2013-11-28,514.41,515.75,513.82,515.52,299600,0,0
2013-11-29,517.61,518.19,514.55,517.06,280400,0,0
2013-12-02,518.09,518.34,512.69,512.69,287200,0,0
2013-12-03,512.22,513.13,507.36,508.16,321200,0,0
2013-12-04,507.53,510.39,504.54,506.28,301700,0,0
2013-12-05,507.32,508.3,504.7,506.32,247200,0,0
2013-12-06,506.24,508.12,506.2,506.32,294700,0,0
2013-12-09,508.89,509.53,502.22,502.23,263200,0,0
2013-12-10,502.89,503.41,495.82,497.72,304600,0,0
2013-12-11,497.27,500.64,494.39,494.78,286300,0,0
2013-12-12,492.31,496.0,492.29,495.64,283500,0,0
2013-12-13,495.98,496.18,491.07,494.36,269000,0,0
2013-12-16,495.75,496.16,488.19,488.19,276800,0,0
2013-12-17,490.89,491.6,486.15,486.15,282700,0,0
2013-12-18,486.83,489.26,483.81,485.65,291900,0,0
2013-12-19,489.83,490.22,483.32,484.17,275600,0,0
2013-12-20,484.77,488.41,483.84,488.41,265900,0,0
2013-12-23,490.32,490.96,489.4,489.63,254500,0,0
2013-12-24,491.53,491.87,490.1,491.08,268000,0,0
2013-12-26,492.93,493.01,488.86,488.87,276900,0,0
2013-12-27,490.02,496.8,489.53,496.77,262300,0,0
2013-12-30,498.41,500.05,497.54,499.99,234600,0,0
2014-01-02,502.41,502.87,496.06,496.28,264300,0,0
2014-01-03,496.67,499.33,493.79,499.33,295100,0,0
2014-01-06,500.86,501.29,498.73,500.62,288700,0,0
2014-01-07,500.42,505.02,500.42,504.86,332500,0,0
2014-01-08,507.55,510.6,506.41,509.78,368800,0,0
2014-01-09,511.0,512.3,510.54,511.6,364000,0,0
2014-01-10,513.68,513.89,507.11,510.19,399600,0,0
2014-01-13,511.59,513.76,511.59,512.92,375900,0,0
2014-01-14,511.48,514.75,511.41,512.27,410700,0,0
2014-01-15,515.56,516.28,514.12,515.97,414500,0,0
2014-01-16,518.5,518.93,517.38,517.83,404500,0,0
2014-01-17,519.0,519.15,515.44,518.1,389400,0,0
2014-01-20,519.38,520.55,516.92,519.99,357600,0,0
2014-01-21,521.26,521.49,519.66,520.99,426400,0,0
2014-01-22,522.61,523.48,521.29,523.07,428600,0,0
2014-01-23,524.91,526.82,522.72,522.72,447500,0,0
2014-01-24,522.25,524.0,516.19,520.31,356100,0,0
2014-01-27,509.12,511.38,507.48,507.51,517000,0,0
2014-01-28,508.58,509.71,502.84,509.29,453600,0,0
2014-01-29,512.13,515.25,512.13,515.2,389500,0,0
2014-02-03,513.03,515.45,511.19,513.62,421800,0,0
2014-02-04,506.64,507.97,505.12,507.56,451900,0,0
2014-02-05,511.12,511.89,505.62,505.62,448600,0,0
2014-02-06,507.52,510.65,507.52,509.87,570200,0,0
2014-02-07,513.84,514.87,512.72,514.45,317500,0,0
2014-02-10,517.45,518.48,516.63,518.47,309000,0,0
2014-02-11,520.12,520.51,517.68,518.9,334400,0,0
2014-02-12,522.28,522.28,519.96,520.64,363300,0,0
2014-02-13,521.79,522.47,520.26,521.82,335900,0,0
2014-02-14,523.9,524.71,522.35,522.58,304300,0,0
2014-02-17,524.25,524.37,521.05,522.0,313000,0,0
2014-02-18,523.79,525.63,523.17,525.42,317000,0,0
2014-02-19,527.33,529.91,526.12,529.87,302700,0,0
2014-02-20,530.28,530.35,525.68,525.69,319000,0,0
2014-02-21,528.48,528.8,527.15,528.51,281100,0,0
2014-02-24,530.38,530.98,526.34,526.34,300700,0,0
2014-02-25,529.28,529.37,527.65,528.61,300500,0,0
2014-02-26,529.59,529.79,528.01,529.23,350400,0,0
2014-02-27,530.5,531.15,528.02,528.37,342000,0,0
2014-02-28,529.86,529.97,527.51,528.96,318000,0,0
2014-03-03,529.23,530.62,526.27,529.86,310000,0,0
2014-03-04,528.18,532.56,528.0,531.54,288100,0,0
2014-03-05,535.74,536.99,534.59,536.77,309500,0,0
2014-03-06,538.29,540.4,537.98,540.33,333600,0,0
2014-03-07,542.54,544.08,542.54,543.76,330800,0,0
2014-03-10,545.63,545.74,541.85,542.19,314700,0,0
2014-03-11,544.85,547.69,544.85,547.68,332100,0,0
2014-03-12,548.12,548.19,538.79,539.3,421100,0,0
2014-03-13,542.2,547.52,539.8,547.51,446400,0,0
2014-03-14,542.87,546.51,542.42,544.27,406000,0,0
2014-03-17,545.36,546.31,535.54,535.82,373700,0,0
2014-03-18,540.03,541.43,539.12,541.15,381900,0,0
2014-03-19,544.55,545.17,539.88,542.25,364100,0,0
2014-03-20,541.4,542.29,539.15,541.79,369100,0,0
2014-03-21,545.21,547.18,544.54,546.81,398500,0,0
2014-03-24,549.35,549.43,545.58,545.6,372700,0,0
2014-03-25,545.79,545.79,538.41,539.05,377400,0,0
2014-03-26,541.65,544.13,540.94,544.13,376300,0,0
2014-03-27,544.32,544.62,540.01,541.46,315800,0,0
2014-03-28,542.35,544.45,542.34,544.1,301100,0,0
2014-03-31,546.57,547.03,538.78,541.58,287600,0,0
2014-04-01,544.51,549.08,544.06,549.08,330300,0,0
2014-04-02,552.24,557.78,552.24,557.65,429500,0,0
2014-04-03,560.2,560.85,556.69,557.01,428900,0,0
2014-04-04,559.14,560.52,558.05,560.44,382400,0,0
2014-04-07,557.58,559.1,553.67,554.23,384300,0,0
2014-04-08,553.47,555.02,549.89,554.07,373000,0,0
2014-04-09,556.73,556.75,552.17,552.22,415100,0,0
2014-04-10,556.24,556.45,554.5,555.1,385800,0,0
2014-04-11,548.5,555.88,548.44,555.87,302400,0,0
2014-04-14,557.35,562.05,557.32,562.04,282000,0,0
2014-04-15,565.13,565.18,562.01,562.11,361900,0,0
2014-04-16,564.45,566.25,562.81,565.96,385300,0,0
2014-04-17,568.8,569.03,565.75,565.75,386300,0,0
2014-04-18,568.0,571.61,567.77,571.23,350600,0,0
2014-04-21,573.05,573.06,569.28,569.28,339200,0,0
2014-04-22,570.76,571.16,569.38,570.98,335400,0,0
2014-04-23,573.68,573.88,565.47,565.47,371000,0,0
2014-04-24,567.73,567.93,555.07,561.12,401600,0,0
2014-04-25,561.94,562.3,555.5,556.48,314100,0,0
2014-04-28,555.68,558.56,555.68,556.96,282600,0,0
2014-04-29,559.87,560.55,555.81,556.97,337000,0,0
2014-04-30,560.04,561.73,559.08,559.34,310000,0,0
2014-05-02,561.68,562.06,558.08,558.66,291600,0,0
2014-05-07,559.09,559.15,550.34,550.35,289200,0,0
2014-05-08,552.0,552.28,543.81,546.89,324800,0,0
2014-05-09,548.94,550.39,547.3,550.19,291400,0,0
2014-05-12,551.85,551.99,550.52,551.4,345000,0,0
2014-05-13,554.45,557.44,554.41,557.16,335000,0,0
2014-05-14,559.15,560.35,557.85,560.3,366400,0,0
2014-05-15,561.69,562.77,560.62,561.75,433200,0,0
2014-05-16,561.5,561.54,556.62,557.59,393200,0,0
2014-05-19,559.57,559.62,546.24,546.81,387900,0,0
2014-05-20,548.09,548.73,538.65,542.96,406800,0,0
2014-05-21,542.88,547.05,542.72,545.59,282100,0,0
2014-05-22,548.58,549.15,546.24,546.75,314600,0,0
2014-05-23,549.1,550.07,548.63,549.7,279300,0,0
2014-05-26,552.35,552.6,548.83,548.83,308000,0,0
2014-05-27,550.66,550.78,543.15,547.97,349100,0,0
2014-05-28,550.36,550.37,548.54,549.96,375900,0,0
2014-05-29,551.06,551.17,548.91,549.61,307100,0,0
2014-05-30,551.07,551.07,546.31,546.53,339700,0,0
2014-06-02,546.81,546.82,535.07,535.15,303700,0,0
2014-06-03,535.19,535.43,526.65,531.28,271400,0,0
2014-06-05,531.45,531.96,522.06,523.12,261000,0,0
2014-06-09,525.16,526.67,520.89,524.03,231800,0,0
2014-06-10,525.27,532.65,525.27,532.64,238600,0,0
2014-06-11,533.99,534.32,532.26,533.3,235500,0,0
2014-06-12,534.39,536.64,533.85,536.14,244400,0,0
2014-06-13,536.59,536.74,533.98,536.34,267500,0,0
2014-06-16,537.66,537.71,535.43,536.02,247400,0,0
2014-06-17,537.32,539.12,537.13,537.9,301000,0,0
2014-06-18,539.4,539.68,537.03,537.05,289600,0,0
2014-06-19,539.14,539.92,535.47,536.79,283500,0,0
2014-06-20,537.79,538.4,535.51,536.69,247600,0,0
2014-06-23,537.9,538.44,529.96,529.96,263800,0,0
2014-06-24,531.14,531.56,524.71,529.49,276100,0,0
2014-06-25,529.8,530.98,527.23,527.26,237200,0,0
2014-06-26,529.64,531.57,529.64,530.04,226100,0,0
2014-06-27,531.36,532.27,529.75,531.43,223500,0,0
2014-06-30,533.77,537.07,533.63,537.06,217600,0,0
2014-07-01,538.44,544.91,537.75,544.9,244200,0,0
2014-07-02,547.98,549.18,547.15,549.03,269100,0,0
2014-07-03,549.21,551.01,548.93,550.68,280000,0,0
2014-07-04,553.65,553.75,551.29,552.9,348300,0,0
2014-07-07,554.56,554.59,550.97,553.15,305100,0,0
2014-07-08,553.47,555.26,552.34,554.9,321600,0,0
2014-07-09,554.02,556.44,552.98,555.84,309600,0,0
2014-07-10,558.52,559.66,557.65,559.32,288200,0,0
2014-07-11,559.36,559.84,556.57,556.58,318700,0,0
2014-07-14,559.43,561.55,559.43,561.5,328200,0,0
2014-07-15,564.68,565.02,559.15,559.15,384700,0,0
2014-07-16,560.68,560.74,550.58,555.27,339900,0,0
2014-07-17,557.62,559.16,557.57,558.94,330000,0,0
2014-07-18,556.55,560.84,556.13,560.26,318300,0,0
2014-07-21,563.76,563.99,561.42,561.75,319000,0,0
2014-07-22,563.24,564.96,562.62,564.93,332100,0,0
2014-07-23,567.35,567.49,563.13,563.14,330000,0,0
2014-07-24,565.25,565.3,559.64,559.67,376100,0,0
2014-07-25,560.79,562.94,560.65,562.78,314000,0,0
2014-07-28,564.26,564.3,551.93,552.98,329100,0,0
2014-07-29,553.75,554.17,540.22,541.82,333900,0,0
2014-07-30,543.63,544.02,537.27,541.81,312500,0,0
2014-07-31,541.99,542.08,528.15,536.32,339900,0,0
2014-08-01,530.2,541.36,529.88,541.09,270200,0,0
2014-08-04,543.8,549.61,543.45,549.61,320900,0,0
2014-08-05,552.21,552.44,546.57,547.75,374800,0,0
2014-08-06,548.42,549.77,547.0,548.43,335200,0,0
2014-08-07,550.42,551.96,546.45,547.11,335800,0,0
2014-08-08,547.97,548.6,540.38,544.24,311700,0,0
2014-08-11,548.48,549.74,546.3,546.3,302800,0,0
2014-08-12,548.54,548.93,544.54,545.76,317500,0,0
2014-08-13,547.64,551.74,547.64,551.73,304700,0,0
2014-08-14,554.12,558.27,553.96,558.18,299400,0,0
2014-08-18,561.35,561.57,559.46,561.1,299400,0,0
2014-08-19,564.16,564.3,559.03,562.66,319100,0,0
2014-08-20,564.75,565.56,561.96,561.96,327800,0,0
2014-08-21,564.6,565.01,562.52,562.52,330000,0,0
2014-08-22,565.04,566.69,565.0,566.35,368800,0,0
2014-08-25,568.54,569.64,563.05,564.4,368800,0,0
2014-08-26,567.5,568.34,565.93,568.24,349900,0,0
2014-08-27,570.33,570.74,565.27,567.23,358400,0,0
2014-08-28,569.53,570.45,569.13,570.24,342100,0,0
2014-08-29,570.52,571.44,568.46,570.2,403400,0,0
2014-09-01,572.8,572.85,566.94,566.95,395700,0,0
2014-09-02,567.48,568.9,565.64,568.74,341600,0,0
2014-09-03,570.13,572.41,569.59,571.4,398000,0,0
2014-09-04,573.5,573.81,568.33,568.9,381400,0,0
2014-09-05,569.99,572.61,568.5,572.37,350100,0,0
2014-09-11,574.89,575.65,573.64,573.7,339900,0,0
2014-09-12,575.46,575.82,567.71,570.65,331300,0,0
2014-09-15,571.64,571.64,565.76,565.77,335400,0,0
2014-09-16,567.06,572.38,567.06,572.36,322800,0,0
2014-09-17,574.99,575.56,573.1,574.98,356800,0,0
2014-09-18,577.65,578.4,576.97,576.97,391500,0,0
2014-09-19,580.1,581.41,578.67,581.38,373900,0,0
2014-09-22,583.44,583.45,577.35,577.35,385300,0,0
2014-09-23,577.67,578.75,571.61,575.56,370400,0,0
2014-09-24,576.61,580.51,574.99,580.42,370000,0,0
2014-09-25,583.58,583.66,577.44,577.48,433500,0,0
2014-09-26,573.91,577.76,573.11,577.66,397800,0,0
2014-09-29,580.3,580.43,566.61,569.27,409400,0,0
2014-09-30,571.63,573.54,567.3,573.22,387200,0,0
2014-10-01,575.02,575.35,564.32,566.99,388400,0,0
2014-10-02,564.02,570.01,562.1,569.84,332300,0,0
2014-10-06,573.82,573.93,566.27,566.27,357700,0,0
2014-10-07,567.7,568.33,561.33,562.82,334800,0,0
2014-10-08,560.4,567.19,560.4,566.74,305600,0,0
2014-10-10,565.07,565.26,553.87,555.95,357200,0,0
2014-10-13,551.47,551.47,531.46,534.31,432200,0,0
2014-10-14,531.94,544.53,531.94,544.05,373000,0,0
2014-10-15,546.95,549.6,542.49,545.51,395000,0,0
2014-10-16,542.08,546.95,534.54,545.49,382100,0,0
2014-10-17,549.7,553.57,543.64,547.7,395400,0,0
2014-10-20,553.63,556.66,551.56,556.01,373900,0,0
2014-10-21,558.64,559.27,555.16,557.54,417500,0,0
2014-10-22,563.81,564.76,561.06,564.52,384800,0,0
2014-10-23,565.69,568.63,561.3,564.31,375700,0,0
2014-10-24,568.33,568.33,560.49,560.66,387000,0,0
2014-10-27,562.93,563.26,558.29,559.92,356400,0,0
2014-10-28,561.91,562.71,560.69,562.29,363000,0,0
2014-10-29,566.03,566.18,560.93,561.03,392300,0,0
2014-10-30,561.97,562.36,553.64,557.86,394600,0,0
2014-10-31,559.85,559.85,557.0,558.7,340900,0,0
2014-11-03,559.71,559.9,552.34,552.47,369100,0,0
2014-11-04,554.63,556.02,540.36,542.16,410400,0,0
2014-11-05,541.72,545.3,540.09,540.27,357500,0,0
2014-11-06,541.57,542.7,530.42,531.81,347400,0,0
2014-11-07,532.87,539.91,532.24,539.9,341500,0,0
2014-11-10,542.52,543.16,538.77,539.22,360100,0,0
2014-11-11,541.62,545.14,541.23,545.13,368600,0,0
2014-11-12,547.98,547.98,546.16,546.46,393800,0,0
2014-11-13,547.95,548.55,547.07,547.7,362100,0,0
2014-11-14,549.0,549.0,541.87,541.93,381100,0,0
2014-11-17,543.28,543.35,531.16,531.18,343500,0,0
2014-11-18,532.42,536.22,532.42,536.2,344700,0,0
2014-11-19,539.65,541.19,538.62,540.84,365200,0,0
2014-11-20,541.99,542.81,539.14,539.93,375300,0,0
2014-11-21,542.32,543.98,540.95,543.98,390500,0,0
2014-11-24,547.5,547.73,539.82,541.93,354700,0,0
2014-11-25,543.47,546.98,543.36,546.34,397500,0,0
2014-11-26,547.85,548.1,546.58,547.34,367300,0,0
2014-11-27,548.46,549.32,545.46,545.97,338400,0,0
2014-11-28,547.29,548.01,544.51,545.08,354900,0,0
2014-12-01,545.08,545.23,539.13,539.45,368400,0,0
2014-12-02,538.99,541.55,537.53,541.53,359800,0,0
2014-12-03,543.24,546.0,542.64,545.02,428000,0,0
2014-12-04,548.18,549.46,547.2,548.16,394100,0,0
2014-12-05,549.92,550.92,549.27,550.85,480200,0,0
2014-12-08,553.11,553.11,551.19,551.4,432800,0,0
2014-12-09,551.73,552.38,546.57,546.57,513200,0,0
2014-12-10,547.79,548.21,540.42,541.96,452700,0,0
2014-12-11,540.3,542.6,536.32,537.21,477000,0,0
2014-12-12,539.69,540.13,530.83,533.67,596600,0,0
2014-12-15,530.58,538.92,530.1,538.09,424200,0,0
2014-12-16,538.1,539.39,533.24,534.15,460200,0,0
2014-12-17,536.83,537.17,532.68,533.06,456100,0,0
2014-12-18,536.4,536.63,520.93,527.52,515800,0,0
2014-12-19,532.05,535.99,530.96,535.51,390500,0,0
2014-12-22,537.89,538.78,535.12,536.78,429700,0,0
2014-12-23,538.95,539.13,534.55,534.65,417400,0,0
2014-12-24,536.35,538.02,535.78,536.89,463600,0,0
2014-12-26,538.77,539.24,535.17,535.17,506900,0,0
2014-12-29,537.13,540.03,536.99,539.22,384900,0,0
2014-12-30,540.58,543.08,540.28,542.97,388700,0,0
2015-01-02,546.01,553.78,546.01,553.73,364100,0,0
2015-01-05,556.45,561.25,554.07,561.25,427500,0,0
2015-01-06,557.31,562.1,556.39,558.9,487600,0,0
2015-01-07,559.91,561.95,557.56,561.32,494500,0,0
2015-01-08,565.19,567.21,563.63,566.43,468800,0,0
2015-01-09,570.79,573.36,569.62,572.99,438600,0,0
2015-01-12,574.43,575.57,572.27,574.76,453300,0,0
2015-01-13,576.05,577.85,570.3,571.0,553200,0,0
2015-01-14,573.3,574.7,571.66,574.17,433200,0,0
2015-01-15,575.25,581.39,575.06,581.39,447900,0,0
2015-01-16,582.31,582.49,575.7,577.41,429700,0,0
2015-01-19,583.59,583.59,577.94,577.94,441100,0,0
2015-01-20,580.14,582.28,576.2,582.27,486200,0,0
2015-01-21,584.34,586.04,583.64,584.34,538200,0,0
2015-01-22,587.17,587.42,572.68,578.42,647400,0,0
2015-01-23,582.77,589.31,580.78,589.31,506700,0,0
2015-01-26,591.2,591.82,589.0,590.34,534700,0,0
2015-01-27,593.19,593.23,587.7,587.84,531000,0,0
2015-01-28,587.77,594.4,587.0,594.39,470200,0,0
2015-01-29,594.74,595.42,592.66,593.12,467500,0,0
2015-01-30,596.94,597.28,588.97,591.58,452100,0,0
2015-02-02,591.75,591.75,586.87,590.27,422500,0,0
2015-02-03,592.35,593.56,587.34,593.31,501500,0,0
2015-02-04,596.53,598.53,595.9,598.23,505400,0,0
2015-02-05,600.87,600.88,598.14,600.81,554200,0,0
2015-02-06,605.86,606.13,603.93,604.13,515700,0,0
2015-02-09,605.88,605.88,592.69,593.75,519800,0,0
2015-02-10,593.91,595.14,585.35,592.95,553800,0,0
2015-02-11,595.97,602.25,595.97,601.41,499700,0,0
2015-02-12,604.69,604.69,600.02,602.24,516800,0,0
2015-02-13,604.76,608.45,603.94,608.07,507000,0,0
2015-02-16,610.59,613.72,609.29,610.16,451900,0,0
2015-02-17,611.92,611.92,606.46,609.1,440200,0,0
2015-02-23,613.37,616.35,611.98,615.52,426300,0,0
2015-02-24,616.66,621.73,616.27,621.31,472900,0,0
2015-02-25,625.12,625.26,616.57,616.57,479900,0,0
2015-02-26,618.06,618.37,615.02,617.08,487100,0,0
2015-02-27,620.65,625.2,620.06,624.56,503300,0,0
2015-03-02,627.61,628.03,621.75,621.81,507100,0,0
2015-03-03,625.53,626.24,624.29,625.64,502400,0,0
2015-03-04,627.27,631.32,627.09,630.35,528500,0,0
2015-03-05,633.07,633.58,629.41,631.43,485600,0,0
2015-03-06,634.52,635.87,632.5,635.84,551600,0,0
2015-03-09,636.83,636.83,628.83,629.26,503300,0,0
2015-03-10,632.54,633.52,617.89,621.99,571100,0,0
2015-03-11,617.52,623.24,616.43,619.61,470100,0,0
2015-03-12,622.55,628.29,621.47,628.15,490400,0,0
2015-03-13,631.74,634.97,631.5,634.25,530700,0,0
2015-03-16,636.47,636.69,633.86,635.4,556600,0,0
2015-03-17,638.92,639.0,634.55,636.05,524000,0,0
2015-03-18,638.41,639.7,628.94,628.99,556600,0,0
2015-03-19,633.56,633.64,620.52,631.81,559000,0,0
2015-03-20,633.69,640.09,632.57,640.08,578700,0,0
2015-03-23,643.55,644.01,640.29,640.29,530100,0,0
2015-03-24,640.5,642.43,638.46,641.87,525800,0,0
2015-03-25,644.69,651.06,644.69,651.05,534700,0,0
2015-03-26,647.17,649.62,640.56,642.53,551800,0,0
2015-03-27,645.93,646.43,637.71,640.12,592400,0,0
2015-03-30,643.4,646.78,641.47,646.74,467300,0,0
2015-03-31,650.75,650.75,647.38,650.49,524600,0,0
2015-04-01,650.27,651.4,645.63,650.23,513300,0,0
2015-04-02,653.41,654.85,649.23,650.57,629900,0,0
2015-04-03,653.46,658.05,652.59,658.04,528700,0,0
2015-04-06,660.85,662.59,658.99,662.15,523500,0,0
2015-04-07,667.62,667.94,664.64,666.83,550000,0,0
2015-04-08,669.37,669.37,662.57,668.03,560700,0,0
2015-04-09,671.6,677.99,670.83,676.96,595100,0,0
2015-04-10,684.24,685.66,682.02,682.02,602400,0,0
2015-04-13,688.17,689.54,682.72,689.39,709300,0,0
2015-04-14,691.82,694.9,680.53,684.97,829000,0,0
2015-04-15,689.66,694.96,688.69,694.44,619800,0,0
2015-04-16,699.32,699.32,692.27,698.31,698700,0,0
2015-04-17,703.45,708.23,700.18,706.9,685600,0,0
2015-04-20,700.8,707.52,700.48,706.96,667400,0,0
2015-04-21,712.89,714.74,709.88,714.52,747100,0,0
2015-04-22,718.89,720.56,675.95,703.34,1086800,0,0
2015-04-23,707.82,708.06,685.99,692.48,705400,0,0
2015-04-24,695.12,697.16,681.04,690.74,610900,0,0
2015-04-27,693.79,699.55,692.84,699.39,516100,0,0
2015-04-28,701.36,701.57,694.3,696.79,600300,0,0
2015-04-29,699.51,699.66,689.09,695.69,558800,0,0
2015-04-30,696.31,696.31,685.15,689.01,584900,0,0
2015-05-04,690.77,690.84,676.42,677.9,440500,0,0
2015-05-06,672.95,674.22,661.82,665.94,486100,0,0
2015-05-07,667.01,673.12,654.01,673.08,473800,0,0
2015-05-08,675.83,684.38,674.64,681.69,439100,0,0
2015-05-11,687.81,692.32,685.61,692.29,433500,0,0
2015-05-12,694.8,697.99,685.89,686.74,546400,0,0
2015-05-13,687.75,693.3,681.3,692.23,522100,0,0
2015-05-14,695.11,699.34,693.43,699.27,529700,0,0
2015-05-15,705.15,708.08,702.79,705.4,517500,0,0
2015-05-18,707.73,707.73,700.18,703.25,599800,0,0
2015-05-19,707.26,707.35,704.62,706.79,530800,0,0
2015-05-20,709.71,714.09,709.68,713.95,601700,0,0
2015-05-21,718.98,719.27,708.55,715.64,522500,0,0
2015-05-22,718.99,719.02,711.58,713.54,546900,0,0
2015-05-26,715.91,715.91,705.0,708.66,457400,0,0
2015-05-27,705.7,705.7,696.08,699.19,475900,0,0
2015-05-28,706.47,711.21,704.62,709.01,484600,0,0
2015-05-29,710.62,717.2,710.5,711.39,549300,0,0
2015-06-01,714.09,715.91,700.9,715.73,578500,0,0
2015-06-02,718.0,718.58,704.77,704.77,611100,0,0
2015-06-03,703.5,710.97,693.27,696.97,693100,0,0
2015-06-04,702.13,704.57,700.61,704.56,580100,0,0
2015-06-05,701.28,708.23,700.91,707.27,557600,0,0
2015-06-08,711.36,716.61,708.36,716.43,496400,0,0
2015-06-09,718.32,722.52,718.1,722.51,506600,0,0
2015-06-10,726.63,727.34,713.07,718.23,563300,0,0
2015-06-11,724.38,724.57,716.45,717.0,505700,0,0
2015-06-12,720.09,722.4,708.23,712.4,480000,0,0
2015-06-15,709.71,714.92,704.95,705.85,413200,0,0
2015-06-16,706.84,708.73,690.8,706.28,519300,0,0
2015-06-17,710.54,718.63,705.62,718.61,476400,0,0
2015-06-18,724.43,726.84,722.6,725.2,547600,0,0
2015-06-19,730.92,731.06,723.07,729.92,540700,0,0
2015-06-22,735.12,736.42,731.46,734.61,527600,0,0
2015-06-23,740.57,740.87,735.95,739.82,547800,0,0
2015-06-24,743.17,747.08,740.65,746.62,507100,0,0
2015-06-25,747.71,753.99,746.23,753.66,540100,0,0
2015-06-26,756.46,757.98,750.48,750.5,605500,0,0
2015-06-29,733.07,746.62,731.84,733.04,477300,0,0
2015-06-30,730.29,742.34,714.51,742.27,463300,0,0
2015-07-01,747.48,760.76,747.48,760.67,561500,0,0
2015-07-02,766.58,769.76,764.97,768.67,716900,0,0
2015-07-03,772.67,772.72,762.23,769.26,671900,0,0
2015-07-06,758.0,769.33,752.01,752.01,640800,0,0
2015-07-07,765.12,765.39,722.21,729.64,761100,0,0
2015-07-08,735.46,738.23,714.86,726.22,649000,0,0
2015-07-09,715.76,726.43,695.94,726.01,654800,0,0
2015-07-10,734.16,739.1,725.4,730.72,549100,0,0
2015-07-13,732.78,749.53,731.91,749.46,552700,0,0
2015-07-14,757.72,758.19,750.91,757.12,593400,0,0
2015-07-15,761.73,762.8,757.71,761.59,679900,0,0
2015-07-16,764.16,774.4,760.22,774.4,693900,0,0
2015-07-17,780.27,780.27,768.73,773.23,774000,0,0
2015-07-20,778.19,782.64,776.41,782.64,667800,0,0
2015-07-21,787.52,788.13,774.68,781.99,761500,0,0
2015-07-22,780.39,784.58,776.28,776.57,700600,0,0
2015-07-23,781.21,782.3,773.6,776.99,882500,0,0
2015-07-24,778.54,779.1,773.64,776.26,645200,0,0
2015-07-27,773.37,773.37,751.04,751.04,600700,0,0
2015-07-28,738.87,747.07,722.83,745.24,609600,0,0
2015-07-29,751.92,755.23,730.47,730.47,734600,0,0
2015-07-30,736.97,739.66,711.11,712.86,568800,0,0
2015-07-31,713.87,725.06,703.56,725.06,512100,0,0
2015-08-03,728.03,732.24,714.34,714.34,422100,0,0
2015-08-04,712.78,730.06,711.59,730.03,422600,0,0
2015-08-05,733.0,741.54,732.3,741.26,418300,0,0
2015-08-06,747.19,750.75,745.16,747.74,448600,0,0
2015-08-07,743.82,751.74,741.72,751.49,443800,0,0
2015-08-10,754.6,754.6,742.76,746.34,432200,0,0
2015-08-11,752.72,753.13,732.26,732.26,622200,0,0
2015-08-12,730.24,731.72,692.54,717.2,583100,0,0
2015-08-13,716.61,731.95,711.54,731.36,496900,0,0
2015-08-17,733.97,734.9,722.01,722.01,446200,0,0
2015-08-18,725.68,726.46,698.24,699.8,596700,0,0
2015-08-19,692.31,693.48,652.12,670.55,572100,0,0
2015-08-20,664.84,678.89,656.71,656.71,439900,0,0
2015-08-21,625.56,637.87,615.1,627.05,615400,0,0
2015-08-24,624.09,640.67,610.12,613.33,515000,0,0
2015-08-25,625.61,646.79,612.35,645.43,518700,0,0
2015-08-26,646.47,667.44,645.5,667.44,546200,0,0
2015-08-27,677.89,683.46,670.24,673.71,471400,0,0
2015-08-28,685.44,689.04,685.4,687.96,433700,0,0
2015-08-31,689.9,689.9,682.14,687.11,389800,0,0
2015-09-01,686.47,691.67,672.94,672.94,456700,0,0
2015-09-02,659.6,678.16,657.67,678.02,486700,0,0
2015-09-03,687.6,688.56,677.34,678.25,553100,0,0
2015-09-04,682.3,683.56,647.78,650.45,607400,0,0
2015-09-07,650.87,658.9,641.21,648.8,393800,0,0
2015-09-08,652.08,655.15,632.2,638.22,479100,0,0
2015-09-09,651.52,660.67,651.39,660.67,450700,0,0
2015-09-10,655.13,668.48,653.26,668.29,498700,0,0
2015-09-11,669.98,672.12,665.17,669.87,557400,0,0
2015-09-14,674.45,674.95,659.19,662.88,444200,0,0
2015-09-15,664.56,667.18,661.88,666.75,888800,0,0
2015-09-16,673.32,676.63,671.79,676.48,968900,0,0
2015-09-17,681.66,681.66,670.62,671.05,740000,0,0
2015-09-18,678.25,690.2,677.93,690.18,728100,0,0
2015-09-21,685.35,689.22,683.42,688.9,717600,0,0
2015-09-22,691.46,694.09,689.05,693.67,931000,0,0
2015-09-23,688.52,692.07,680.28,680.28,1028000,0,0
2015-09-24,686.1,687.23,682.62,683.88,869000,0,0
2015-09-25,685.47,685.8,676.84,682.7,636100,0,0
2015-09-30,673.43,678.5,668.58,678.48,814900,0,0
2015-10-01,685.89,686.68,684.12,684.79,832200,0,0
2015-10-02,688.04,688.83,685.11,686.42,694100,0,0
2015-10-05,693.54,694.49,691.19,691.19,654200,0,0
2015-10-06,697.17,697.17,688.53,689.06,843000,0,0
2015-10-07,690.29,690.35,678.88,679.83,791100,0,0
2015-10-08,684.47,685.29,670.3,674.97,686100,0,0
2015-10-12,677.45,677.58,672.57,672.96,508000,0,0
2015-10-13,674.39,676.74,669.52,672.82,735500,0,0
2015-10-14,673.16,673.43,668.03,668.92,690400,0,0
2015-10-15,669.54,676.06,669.35,676.05,744000,0,0
2015-10-16,681.01,683.37,680.73,681.73,764500,0,0
2015-10-19,685.2,685.34,682.48,684.29,920600,0,0
2015-10-20,685.75,691.21,684.61,691.21,779900,0,0
2015-10-21,692.77,693.06,686.5,686.5,949600,0,0
2015-10-22,686.01,686.02,675.69,676.3,934800,0,0
2015-10-23,682.75,683.49,680.61,681.97,1041700,0,0
2015-10-26,687.01,690.85,685.88,690.73,722300,0,0
2015-10-27,691.8,693.0,687.68,688.32,653300,0,0
2015-10-28,689.9,693.95,686.96,693.53,711500,0,0
2015-10-29,696.27,696.47,689.72,690.63,818200,0,0
2015-10-30,691.26,692.42,681.72,683.63,757500,0,0
2015-11-02,683.54,684.94,679.85,680.01,668400,0,0
2015-11-03,684.28,685.31,678.45,682.13,728400,0,0
2015-11-04,683.98,686.18,680.54,686.18,783700,0,0
2015-11-05,688.27,694.43,687.9,694.43,765500,0,0
2015-11-06,697.56,698.39,692.23,694.21,771800,0,0
2015-11-09,694.06,694.06,670.66,671.84,715400,0,0
2015-11-10,667.14,667.25,650.56,656.7,680000,0,0
2015-11-11,657.66,667.45,657.66,667.21,634900,0,0
2015-11-12,670.6,674.83,670.6,672.99,618900,0,0
2015-11-13,667.58,670.76,664.67,670.52,763400,0,0
2015-11-16,659.4,665.27,656.97,659.2,635000,0,0
2015-11-17,666.9,672.4,666.81,672.17,753600,0,0
2015-11-18,673.87,676.7,670.67,670.67,992800,0,0
2015-11-19,678.97,680.57,675.51,680.57,856900,0,0
2015-11-20,681.98,685.67,680.87,685.16,861700,0,0
2015-11-23,688.24,689.11,686.24,688.29,669700,0,0
2015-11-24,688.94,689.57,686.69,687.86,823500,0,0
2015-11-25,689.41,690.25,687.5,688.78,864200,0,0
2015-11-26,691.67,694.38,691.57,693.42,786600,0,0
2015-11-27,696.89,698.18,692.73,694.21,769700,0,0
2015-11-30,695.69,695.81,683.52,688.38,638900,0,0
2015-12-01,690.49,692.11,687.97,691.95,668600,0,0
2015-12-02,694.78,695.2,690.32,690.32,786500,0,0
2015-12-03,688.52,690.97,683.79,690.77,770200,0,0
2015-12-04,683.47,688.95,683.14,685.77,776600,0,0
2015-12-07,691.35,691.48,683.34,683.34,695500,0,0
2015-12-08,682.73,683.62,666.31,668.42,717600,0,0
2015-12-09,668.17,671.26,664.08,664.08,854100,0,0
2015-12-10,663.69,666.34,652.06,658.08,993300,0,0
2015-12-11,660.87,661.99,651.35,653.48,811900,0,0
2015-12-14,642.98,642.98,630.37,630.37,628100,0,0
2015-12-15,634.4,640.24,633.32,639.78,605000,0,0
2015-12-16,646.75,650.55,646.45,647.27,652600,0,0
2015-12-17,653.92,658.15,649.44,658.11,623200,0,0
2015-12-18,654.36,667.45,652.98,667.45,592700,0,0
2015-12-21,665.62,669.25,665.53,668.65,540200,0,0
2015-12-22,671.39,671.39,661.52,663.42,695100,0,0
2015-12-23,665.89,665.89,659.58,659.6,778700,0,0
2015-12-24,662.83,663.17,656.53,656.53,671300,0,0
2015-12-28,657.57,658.25,651.63,652.05,596000,0,0
2015-12-29,656.82,673.23,656.82,673.22,558700,0,0
2015-12-30,677.08,683.34,674.87,682.35,512400,0,0
2016-01-04,686.41,691.56,677.79,677.79,502700,0,0
2016-01-05,670.45,684.07,670.44,684.07,741700,0,0
2016-01-06,687.0,689.11,675.48,687.27,747600,0,0
2016-01-07,687.5,690.65,675.01,679.66,692100,0,0
2016-01-08,668.03,682.56,662.28,682.56,710700,0,0
2016-01-11,681.62,685.64,674.1,674.96,586400,0,0
2016-01-12,679.1,682.26,671.23,671.3,575200,0,0
2016-01-13,677.35,686.03,677.35,686.03,729700,0,0
2016-01-14,675.86,683.49,674.29,683.19,561200,0,0
2016-01-15,693.07,693.55,676.53,678.43,595800,0,0
2016-01-18,671.96,683.87,671.96,683.63,542400,0,0
2016-01-19,683.22,685.2,674.93,681.25,605500,0,0
2016-01-20,684.69,685.62,659.72,669.68,752800,0,0
2016-01-21,671.37,673.84,661.23,665.84,578100,0,0
2016-01-22,672.13,673.72,662.81,670.95,552200,0,0
2016-01-25,677.14,681.85,675.24,681.43,463200,0,0
2016-01-26,679.1,682.4,677.29,678.85,526900,0,0
2016-01-27,683.75,684.84,673.21,675.25,636700,0,0
2016-01-28,675.56,681.52,672.66,681.29,601900,0,0
2016-01-29,683.76,683.76,677.07,682.8,579400,0,0
2016-02-01,687.65,688.15,681.9,685.55,450200,0,0
2016-02-02,685.68,686.97,683.14,684.86,553700,0,0
2016-02-03,681.95,684.16,676.74,680.94,488900,0,0
2016-02-04,683.57,684.71,678.47,683.62,537000,0,0
2016-02-05,683.43,684.43,680.2,681.31,511600,0,0
2016-02-11,665.7,666.99,647.68,647.69,526100,0,0
2016-02-12,639.33,640.93,594.75,608.45,731100,0,0
2016-02-15,617.06,621.73,609.31,621.37,544900,0,0
2016-02-16,626.85,635.99,626.85,634.95,494000,0,0
2016-02-17,637.25,638.97,623.13,623.49,520300,0,0
2016-02-18,633.44,638.43,633.29,638.43,492300,0,0
2016-02-19,638.8,645.02,637.12,644.56,445700,0,0
2016-02-22,646.35,651.13,644.15,650.14,527900,0,0
2016-02-23,655.08,655.22,641.56,642.31,686700,0,0
2016-02-24,640.75,647.39,639.54,643.98,583800,0,0
2016-02-25,648.58,650.58,644.06,646.27,570000,0,0
2016-02-26,649.33,651.09,647.03,649.3,459500,0,0
2016-02-29,652.26,652.87,648.07,651.62,575200,0,0
2016-03-02,658.95,662.31,658.64,662.25,518400,0,0
2016-03-03,664.94,669.1,660.79,669.01,543400,0,0
2016-03-04,670.44,674.69,668.99,673.84,531800,0,0
2016-03-07,677.31,678.95,671.34,672.21,546300,0,0
2016-03-08,675.07,677.06,666.3,674.32,554600,0,0
2016-03-09,673.93,680.53,673.62,679.64,452100,0,0
2016-03-10,682.3,687.6,682.3,687.6,534800,0,0
2016-03-11,686.33,689.52,686.09,689.17,506100,0,0
2016-03-14,693.06,696.11,691.05,691.05,475200,0,0
2016-03-15,692.78,697.91,692.61,693.34,571500,0,0
2016-03-16,694.45,699.71,691.99,693.44,594100,0,0
2016-03-17,698.77,699.76,691.32,691.49,632400,0,0
2016-03-18,694.86,695.59,692.42,695.02,699000,0,0
2016-03-21,698.59,698.88,691.55,692.42,638800,0,0
2016-03-22,694.27,694.96,689.8,691.51,679100,0,0
2016-03-23,692.56,693.47,689.39,689.39,705700,0,0
2016-03-24,689.87,691.03,686.11,686.26,678700,0,0
2016-03-28,685.06,685.46,676.28,676.51,649000,0,0
2016-03-29,678.75,686.5,678.72,686.5,666700,0,0
2016-03-30,690.85,692.17,690.04,691.13,697600,0,0
2016-03-31,693.02,693.13,687.09,688.38,642700,0,0
2016-04-01,690.18,694.98,689.05,690.69,556900,0,0
2016-04-04,693.8,697.0,692.73,696.98,551800,0,0
2016-04-05,698.3,698.3,693.05,695.7,584200,0,0
2016-04-06,697.11,697.11,692.82,694.03,642700,0,0
2016-04-07,696.91,697.73,695.48,697.13,690100,0,0
2016-04-08,696.47,697.28,695.05,697.1,631400,0,0
2016-04-11,700.04,700.36,693.01,693.01,558300,0,0
2016-04-12,693.8,695.22,691.52,693.45,635400,0,0
2016-04-14,698.03,698.26,691.65,693.42,704000,0,0
2016-04-15,696.37,697.0,693.8,695.62,693600,0,0
2016-04-18,695.78,695.98,693.0,695.34,706800,0,0
2016-04-19,697.31,701.8,696.22,701.68,684100,0,0
2016-04-20,703.55,704.44,699.85,699.86,737300,0,0
2016-04-21,702.21,702.32,698.39,701.62,834100,0,0
2016-04-22,702.9,703.89,700.98,703.05,702700,0,0
2016-04-25,705.37,705.44,702.42,703.7,700200,0,0
2016-04-26,705.51,705.51,700.76,702.06,778200,0,0
2016-04-27,704.42,704.59,699.41,699.52,757000,0,0
2016-04-28,702.04,703.95,699.68,699.7,665300,0,0
2016-04-29,699.89,700.14,695.82,699.77,645800,0,0
2016-05-02,700.43,700.74,690.27,690.27,681200,0,0
2016-05-03,693.67,699.24,693.67,698.66,819100,0,0
2016-05-04,698.02,698.3,693.25,694.17,826600,0,0
2016-05-09,696.66,697.14,690.85,691.82,630400,0,0
2016-05-10,693.47,700.53,693.44,700.23,570000,0,0
2016-05-11,704.32,704.53,701.29,703.94,637900,0,0
2016-05-12,702.46,706.49,699.87,705.04,614200,0,0
2016-05-13,705.85,705.92,703.65,704.37,617600,0,0
2016-05-16,705.03,705.04,701.25,701.46,660200,0,0
2016-05-17,703.08,703.24,693.07,695.95,712200,0,0
2016-05-18,694.9,694.9,683.81,683.87,697200,0,0
2016-05-19,685.36,686.61,678.48,679.39,748900,0,0
2016-05-20,679.65,686.44,679.65,684.92,798500,0,0
2016-05-23,688.87,691.68,688.53,691.0,727500,0,0
2016-05-24,691.92,692.05,686.87,687.71,901400,0,0
2016-05-25,693.65,693.65,688.0,689.33,1000700,0,0
2016-05-26,691.9,692.64,686.62,687.94,831800,0,0
2016-05-27,689.96,692.02,688.81,691.54,710900,0,0
2016-05-30,694.0,694.34,689.93,692.06,689100,0,0
2016-05-31,692.82,698.45,691.93,698.45,672800,0,0
2016-06-01,699.49,700.63,698.76,700.03,711400,0,0
2016-06-02,702.26,702.41,699.06,701.15,853800,0,0
2016-06-03,703.44,703.5,698.79,701.43,889700,0,0
2016-06-07,703.82,705.82,703.55,704.77,774300,0,0
2016-06-08,705.69,705.69,702.39,703.99,826100,0,0
2016-06-09,706.32,707.81,696.53,705.08,1162800,0,0
2016-06-10,705.31,707.11,703.55,706.81,990000,0,0
2016-06-13,702.58,702.58,695.61,695.61,820600,0,0
2016-06-14,693.6,697.24,687.56,692.94,810200,0,0
2016-06-15,693.24,696.79,687.68,694.66,869200,0,0
2016-06-16,697.27,697.63,677.82,680.25,1175500,0,0
2016-06-17,685.15,687.22,674.82,678.86,1246000,0,0
2016-06-20,682.91,689.11,682.91,688.95,1009300,0,0
2016-06-21,691.54,691.85,685.35,688.55,952800,0,0
2016-06-22,689.27,690.63,688.18,688.18,998600,0,0
2016-06-23,686.36,686.45,674.04,679.52,1028600,0,0
2016-06-24,687.4,688.12,631.18,647.16,1590700,0,0
2016-06-27,629.21,650.61,626.99,648.12,1008400,0,0
2016-06-28,643.06,660.03,641.17,659.3,1090600,0,0
2016-06-29,666.73,672.11,664.69,669.88,926800,0,0
2016-06-30,675.4,676.53,673.11,675.09,940000,0,0
2016-07-01,679.21,684.82,679.21,684.26,880700,0,0
2016-07-04,688.0,688.2,685.27,688.15,975900,0,0
2016-07-05,690.11,692.8,687.0,692.73,913000,0,0
2016-07-06,691.42,692.88,680.32,685.51,1218200,0,0
2016-07-07,689.91,696.18,689.91,695.95,989500,0,0
2016-07-08,698.61,698.69,688.81,692.6,860500,0,0
2016-07-11,695.46,697.26,692.75,697.25,669100,0,0
2016-07-12,700.09,700.82,696.38,699.4,772800,0,0
2016-07-13,703.53,704.69,702.04,702.65,1062800,0,0
2016-07-14,704.13,704.13,699.03,703.34,1096400,0,0
2016-07-15,706.21,706.21,699.24,700.28,1125900,0,0
2016-07-18,701.95,702.17,698.69,700.9,898000,0,0
2016-07-19,703.41,703.98,700.83,702.44,1056500,0,0
2016-07-20,704.02,705.35,703.2,705.03,922400,0,0
2016-07-21,708.7,709.89,707.82,708.12,959600,0,0
2016-07-22,708.89,708.89,706.16,707.54,1134400,0,0
2016-07-25,710.21,710.42,704.83,704.96,896600,0,0
2016-07-26,705.8,705.99,702.98,705.4,1006800,0,0
2016-07-27,707.27,708.1,700.94,701.09,774200,0,0
2016-07-28,702.94,705.23,701.16,703.78,789200,0,0
2016-07-29,705.39,706.83,705.13,706.24,757900,0,0
2016-08-01,708.84,708.94,703.72,703.72,693900,0,0
2016-08-02,704.25,704.56,700.32,700.9,725700,0,0
2016-08-03,700.4,700.43,694.88,698.32,738000,0,0
2016-08-04,701.2,703.72,700.95,701.67,687600,0,0
2016-08-05,703.87,704.03,694.49,696.09,638400,0,0
2016-08-08,698.67,698.8,694.36,696.43,588300,0,0
2016-08-09,697.86,701.93,697.42,700.73,638800,0,0
2016-08-10,703.74,707.94,702.39,707.46,662900,0,0
2016-08-11,709.3,709.67,702.56,703.33,708200,0,0
2016-08-12,705.22,705.5,702.87,705.18,698300,0,0
2016-08-16,706.4,706.4,698.87,698.87,567600,0,0
2016-08-17,697.98,698.02,688.14,693.67,641500,0,0
2016-08-18,696.94,697.65,695.13,696.93,624400,0,0
2016-08-19,698.87,699.05,695.87,696.2,544300,0,0
2016-08-22,697.5,697.54,688.15,688.15,629000,0,0
2016-08-23,688.68,692.19,687.37,687.38,663700,0,0
2016-08-24,689.86,690.44,687.61,687.78,650900,0,0
2016-08-25,688.8,688.99,683.83,683.96,645700,0,0
2016-08-26,684.92,684.92,679.26,680.43,727800,0,0
2016-08-29,679.16,679.17,663.53,663.58,723200,0,0
2016-08-30,667.2,671.49,665.6,667.61,591700,0,0
2016-08-31,668.63,669.05,656.21,663.69,610800,0,0
2016-09-01,664.33,671.37,663.86,671.29,649800,0,0
2016-09-02,673.16,677.16,670.96,676.91,583000,0,0
2016-09-05,680.02,681.14,678.48,679.49,557800,0,0
2016-09-06,681.14,681.52,677.86,679.26,746500,0,0
2016-09-07,681.01,681.89,672.49,672.49,691600,0,0
2016-09-08,673.6,675.15,660.84,667.4,914900,0,0
2016-09-09,667.46,667.46,659.67,664.99,747600,0,0
2016-09-12,654.49,660.4,652.91,652.91,772600,0,0
2016-09-13,659.48,661.06,657.03,660.15,623100,0,0
2016-09-19,661.81,666.76,661.81,666.64,713200,0,0
2016-09-20,667.16,674.71,666.77,674.51,731400,0,0
2016-09-21,676.56,678.36,675.7,678.28,893900,0,0
2016-09-22,682.94,685.87,682.18,685.24,946800,0,0
2016-09-23,687.16,688.99,685.29,688.59,793500,0,0
2016-09-26,688.89,690.57,686.75,686.76,774600,0,0
2016-09-27,685.15,688.11,683.29,687.99,720800,0,0
2016-09-28,689.6,690.16,686.76,686.76,642900,0,0
2016-09-29,689.34,690.44,688.43,689.83,743900,0,0
2016-09-30,688.49,688.49,680.1,681.21,680600,0,0
2016-10-04,682.32,686.8,681.28,685.88,533500,0,0
2016-10-05,686.03,687.33,684.37,685.44,587000,0,0
2016-10-06,686.69,687.93,684.14,684.33,640800,0,0
2016-10-07,685.96,686.24,675.6,675.9,702700,0,0
2016-10-10,676.02,678.7,674.08,674.74,643600,0,0
2016-10-11,676.09,677.29,669.22,670.64,644500,0,0
2016-10-12,668.09,672.12,667.91,669.95,594000,0,0
2016-10-13,671.69,671.8,663.0,663.09,599600,0,0
2016-10-14,664.43,666.04,663.51,664.92,608400,0,0
2016-10-17,666.26,666.28,659.14,659.83,512000,0,0
2016-10-18,660.58,662.34,658.54,660.29,524400,0,0
2016-10-19,662.46,664.23,660.63,661.26,527700,0,0
2016-10-20,663.06,663.49,655.02,655.68,555900,0,0
2016-10-21,656.02,656.99,651.37,651.77,506800,0,0
2016-10-24,654.01,654.8,647.34,647.88,561100,0,0
2016-10-25,648.4,649.02,636.4,640.17,629400,0,0
2016-10-26,638.07,639.0,626.66,635.51,729300,0,0
2016-10-27,636.47,648.66,636.47,648.57,468300,0,0
2016-10-28,648.9,648.93,640.16,640.17,505800,0,0
2016-10-31,638.62,638.62,623.37,624.68,558300,0,0
2016-11-01,621.69,631.2,621.69,626.38,595600,0,0
2016-11-02,624.46,624.58,606.04,606.06,632700,0,0
2016-11-03,602.33,613.57,602.31,609.99,494000,0,0
2016-11-04,610.07,611.76,605.78,610.82,505800,0,0
2016-11-07,614.93,622.17,614.93,622.17,530300,0,0
2016-11-08,626.39,626.5,621.35,624.19,534300,0,0
2016-11-09,626.53,627.02,581.64,599.74,1068000,0,0
2016-11-10,615.16,623.23,614.86,623.23,624300,0,0
2016-11-11,622.45,625.46,618.38,621.89,515300,0,0
2016-11-14,622.6,623.01,620.38,621.23,478300,0,0
2016-11-15,621.82,623.2,616.53,617.43,532500,0,0
2016-11-16,620.81,627.83,620.81,627.83,601600,0,0
2016-11-17,629.05,629.08,624.52,627.76,666400,0,0
2016-11-18,628.72,628.72,619.58,620.26,619900,0,0
2016-11-21,618.63,618.63,609.1,609.33,628600,0,0
2016-11-22,612.42,614.79,608.67,610.74,649000,0,0
2016-11-23,612.36,612.41,599.89,600.29,622200,0,0
2016-11-24,600.49,603.13,590.49,592.65,603300,0,0
2016-11-25,592.6,597.87,591.17,597.82,535600,0,0
2016-11-28,599.41,600.13,593.05,593.05,551400,0,0
2016-11-29,592.55,597.29,590.84,596.07,802700,0,0
2016-11-30,597.38,597.49,594.13,596.11,560800,0,0
2016-12-01,596.52,596.89,591.64,593.85,635200,0,0
2016-12-02,593.21,593.45,586.73,586.73,554200,0,0
2016-12-05,584.56,584.62,575.12,575.12,620800,0,0
2016-12-06,578.18,583.23,578.18,581.35,546000,0,0
2016-12-07,584.12,584.88,573.54,578.52,601700,0,0
2016-12-08,581.88,586.46,581.11,584.62,672400,0,0
2016-12-09,585.8,594.53,585.24,594.35,603200,0,0
2016-12-12,599.1,603.12,598.4,603.08,625800,0,0
2016-12-13,604.31,611.17,601.69,611.09,638100,0,0
2016-12-14,614.59,615.71,611.48,612.47,698100,0,0
2016-12-15,610.51,620.61,610.12,620.61,597500,0,0
2016-12-16,622.52,623.04,617.93,622.08,771300,0,0
2016-12-19,624.23,624.23,620.42,622.77,649000,0,0
2016-12-20,624.29,624.81,617.98,617.99,664500,0,0
2016-12-21,620.34,621.05,616.22,618.63,841500,0,0
2016-12-22,619.61,620.16,615.91,615.93,873500,0,0
2016-12-23,617.14,620.47,616.3,619.75,701700,0,0
2016-12-27,616.66,619.42,616.66,618.38,692400,0,0
2016-12-28,622.26,627.33,621.07,627.27,628300,0,0
2016-12-29,626.21,631.51,624.23,631.44,582800,0,0
2017-01-03,633.3,636.65,633.1,636.57,622500,0,0
2017-01-04,638.73,639.91,636.74,639.79,617500,0,0
2017-01-05,642.01,642.64,640.87,642.48,811300,0,0
2017-01-06,643.96,644.17,641.96,643.68,758400,0,0
2017-01-09,645.92,645.92,642.15,642.15,667300,0,0
2017-01-10,642.85,643.25,636.26,636.73,802100,0,0
2017-01-11,637.56,639.29,637.19,637.9,918700,0,0
2017-01-12,639.04,639.13,632.21,632.87,824100,0,0
2017-01-13,633.88,637.47,631.67,634.68,754600,0,0
2017-01-16,636.77,636.8,627.28,627.88,650000,0,0
2017-01-17,628.3,630.16,623.49,624.0,752500,0,0
2017-01-18,624.87,626.89,621.7,626.89,673200,0,0
2017-01-19,629.63,630.26,626.19,626.19,711800,0,0
2017-01-20,626.5,626.86,622.12,622.12,721900,0,0
2017-01-23,623.28,623.65,615.99,615.99,698000,0,0
2017-01-24,616.36,616.95,612.89,612.93,682300,0,0
2017-01-25,615.37,616.72,609.25,609.64,773900,0,0
2017-01-26,611.43,616.81,610.05,616.81,639700,0,0
2017-01-31,616.77,618.32,615.06,616.13,727000,0,0
2017-02-01,617.3,623.68,617.26,623.68,938200,0,0
2017-02-02,623.46,623.46,613.02,613.04,1268200,0,0
2017-02-03,614.37,614.83,606.72,609.21,1217700,0,0
2017-02-06,610.79,611.44,607.77,610.96,654500,0,0
2017-02-07,611.65,612.62,606.59,608.72,683100,0,0
2017-02-08,609.72,609.84,604.75,608.79,722400,0,0
2017-02-09,610.11,611.22,607.37,611.04,1048200,0,0
2017-02-10,612.38,613.53,609.84,610.58,1112000,0,0
2017-02-13,611.59,611.94,609.36,611.94,867000,0,0
2017-02-14,613.23,613.35,609.52,611.54,836300,0,0
2017-02-15,612.7,616.17,612.16,615.95,895600,0,0
2017-02-16,617.86,617.96,613.94,616.58,962600,0,0
2017-02-17,615.72,619.4,615.52,618.7,1123800,0,0
2017-02-20,620.18,620.46,618.98,619.97,918000,0,0
2017-02-21,621.49,622.84,620.98,622.47,1171700,0,0
2017-02-22,623.88,624.13,621.39,621.39,964800,0,0
2017-02-23,622.41,622.96,617.67,617.67,811200,0,0
2017-02-24,619.35,620.04,614.71,614.75,967400,0,0
2017-02-27,615.77,615.83,612.12,612.12,617500,0,0
2017-02-28,613.67,614.36,611.13,612.2,675800,0,0
2017-03-02,614.58,614.59,608.61,608.93,705500,0,0
2017-03-03,607.59,607.59,597.43,600.73,902000,0,0
2017-03-06,598.98,604.29,597.66,604.05,707700,0,0
2017-03-07,603.57,606.1,602.95,606.05,1018800,0,0
2017-03-08,607.15,607.42,604.8,605.75,882900,0,0
2017-03-09,607.58,610.58,605.3,606.13,885200,0,0
2017-03-10,607.01,612.26,596.85,612.26,1244800,0,0
2017-03-13,613.79,615.87,613.44,615.59,805100,0,0
2017-03-14,617.07,617.21,613.93,614.12,1063400,0,0
2017-03-15,615.38,615.54,608.03,608.68,1072600,0,0
2017-03-16,611.48,613.88,610.6,613.88,904900,0,0
2017-03-17,615.09,615.09,611.65,613.26,823300,0,0
2017-03-20,613.73,613.73,607.48,609.11,735100,0,0
2017-03-21,610.7,612.13,608.66,609.73,831300,0,0
2017-03-22,608.36,611.49,606.8,607.57,718800,0,0
2017-03-23,609.36,609.68,604.48,605.53,824100,0,0
2017-03-24,607.34,608.28,605.59,608.18,746400,0,0
2017-03-27,609.63,611.03,606.96,607.07,813800,0,0
2017-03-28,608.75,612.28,607.98,612.28,806000,0,0
2017-03-29,614.65,614.66,612.55,613.63,788100,0,0
2017-03-30,615.34,615.43,613.09,614.68,799600,0,0
2017-03-31,616.2,619.48,615.43,619.28,775600,0,0
2017-04-03,621.47,628.52,620.34,628.52,767700,0,0
2017-04-04,629.23,629.78,625.2,625.49,994500,0,0
2017-04-05,627.89,630.17,626.94,630.17,923700,0,0
2017-04-06,630.59,630.59,625.2,630.46,873400,0,0
2017-04-07,632.16,633.49,629.61,633.32,833200,0,0
2017-04-10,633.24,633.24,617.16,619.41,865600,0,0
2017-04-11,620.25,625.18,614.21,621.64,813400,0,0
2017-04-12,622.54,622.73,619.27,621.45,695600,0,0
2017-04-13,622.49,624.15,622.38,623.87,742500,0,0
2017-04-17,621.45,629.47,621.45,629.47,599200,0,0
2017-04-18,632.4,634.82,630.27,634.73,914100,0,0
2017-04-19,634.93,636.42,633.64,635.99,814000,0,0
2017-04-20,636.87,637.49,635.44,635.8,875200,0,0
2017-04-21,638.02,638.02,633.7,634.96,700900,0,0
2017-04-24,635.58,635.58,626.62,626.62,709200,0,0
2017-04-25,629.21,632.57,629.21,632.57,820900,0,0
2017-04-26,635.05,635.38,634.3,635.11,753700,0,0
2017-04-27,636.24,636.29,630.92,631.11,682500,0,0
2017-04-28,632.83,632.83,627.28,628.24,755500,0,0
2017-05-02,629.21,629.53,626.4,626.43,596100,0,0
2017-05-04,628.1,635.11,628.1,635.11,509200,0,0
2017-05-08,638.36,643.39,638.09,643.39,550900,0,0
2017-05-10,645.7,645.7,641.54,642.68,768700,0,0
2017-05-11,644.44,647.58,643.35,647.58,731400,0,0
2017-05-12,648.56,648.56,642.96,643.73,762400,0,0
2017-05-15,644.59,646.31,642.79,645.38,699800,0,0
2017-05-16,646.5,646.5,638.43,639.11,723800,0,0
2017-05-17,640.87,641.48,638.93,640.01,624400,0,0
2017-05-18,633.4,638.16,633.14,638.12,785400,0,0
2017-05-19,640.33,643.06,639.17,642.45,726600,0,0
2017-05-22,645.04,645.16,641.6,642.62,753200,0,0
2017-05-23,644.59,645.44,644.0,644.73,800700,0,0
2017-05-24,646.44,648.05,645.03,646.04,844300,0,0
2017-05-25,648.25,648.29,642.87,643.02,766900,0,0
2017-05-26,644.97,646.45,644.3,646.01,656900,0,0
2017-05-29,648.15,648.22,642.75,642.98,626600,0,0
2017-05-30,645.09,649.09,644.34,649.06,599200,0,0
2017-05-31,650.51,652.52,649.51,652.04,664000,0,0
2017-06-01,653.57,654.23,651.1,653.83,670500,0,0
2017-06-02,656.43,658.82,655.82,658.78,638000,0,0
2017-06-05,660.77,662.37,659.76,662.32,583300,0,0
2017-06-07,664.07,666.58,661.1,666.46,790900,0,0
2017-06-08,668.25,670.05,667.0,669.97,672800,0,0
2017-06-09,672.14,674.15,671.2,674.15,623300,0,0
2017-06-12,672.09,672.12,664.12,664.86,579500,0,0
2017-06-13,666.07,669.26,666.07,669.23,626900,0,0
2017-06-14,673.02,674.36,670.26,671.59,645500,0,0
2017-06-15,672.97,673.1,664.99,669.82,672700,0,0
2017-06-16,670.77,670.82,667.73,670.7,608300,0,0
2017-06-19,672.72,675.71,672.25,675.44,580100,0,0
2017-06-20,678.72,678.82,669.41,669.41,734000,0,0
2017-06-21,668.41,668.44,662.68,665.77,616000,0,0
2017-06-22,667.99,668.36,663.26,663.28,700700,0,0
2017-06-23,665.19,669.05,665.02,668.93,560300,0,0
2017-06-26,670.59,670.78,667.71,668.36,586200,0,0
2017-06-27,671.7,673.13,670.87,672.63,639700,0,0
2017-06-28,671.26,672.36,665.89,665.89,601800,0,0
2017-06-29,670.1,670.56,666.0,668.0,515400,0,0
2017-06-30,665.67,669.12,665.57,669.04,511600,0,0
2017-07-03,671.17,671.17,660.04,660.97,560800,0,0
2017-07-04,662.17,663.85,654.06,656.19,735100,0,0
2017-07-05,657.7,661.58,657.69,661.54,565100,0,0
2017-07-06,663.79,665.05,662.67,663.79,555500,0,0
2017-07-07,662.66,664.29,660.99,663.77,551500,0,0
2017-07-10,666.19,666.19,657.67,657.86,512900,0,0
2017-07-11,659.27,659.91,654.5,656.01,542000,0,0
2017-07-12,657.06,657.9,651.09,651.1,586100,0,0
2017-07-13,654.01,655.16,651.6,652.69,490900,0,0
2017-07-14,654.24,655.45,651.27,654.11,533500,0,0
2017-07-17,656.97,659.89,656.97,659.89,415400,0,0
2017-07-18,661.16,664.04,661.16,664.02,570300,0,0
2017-07-19,666.3,671.53,666.3,671.53,500900,0,0
2017-07-20,674.06,677.59,672.37,676.51,569900,0,0
2017-07-21,677.84,678.15,674.6,676.6,523700,0,0
2017-07-24,678.59,679.46,676.63,677.32,529200,0,0
2017-07-25,678.7,679.48,670.1,670.47,677800,0,0
2017-07-26,672.43,672.63,664.13,667.22,593900,0,0
2017-07-27,669.22,670.6,664.53,666.48,527900,0,0
2017-07-28,665.08,665.08,651.84,652.95,559700,0,0
2017-07-31,648.84,651.83,643.77,650.47,504700,0,0
2017-08-01,650.89,655.07,649.7,653.12,487800,0,0
2017-08-02,654.85,658.28,654.83,657.52,494700,0,0
2017-08-03,658.7,658.94,641.63,643.09,528200,0,0
2017-08-04,644.8,648.34,638.87,641.58,459100,0,0
2017-08-07,643.36,650.01,642.82,648.39,455700,0,0
2017-08-08,650.78,651.91,645.73,651.67,607600,0,0
2017-08-09,649.39,650.09,642.87,642.87,849000,0,0
2017-08-10,642.8,646.56,635.06,640.04,770400,0,0
2017-08-11,629.81,635.29,626.08,628.34,606400,0,0
2017-08-14,632.52,633.99,629.26,629.37,548300,0,0
2017-08-16,634.44,635.97,634.1,634.91,607400,0,0
2017-08-17,638.12,642.28,635.74,642.11,531900,0,0
2017-08-18,636.94,643.86,636.44,643.58,528500,0,0
2017-08-21,645.35,645.35,640.84,640.85,585900,0,0
2017-08-22,643.26,644.38,642.64,644.26,649800,0,0
2017-08-23,647.79,647.79,643.65,643.71,559500,0,0
2017-08-24,645.1,647.99,644.98,647.71,500100,0,0
2017-08-25,649.22,650.76,648.44,650.27,585000,0,0
2017-08-28,652.37,652.94,649.54,652.92,513800,0,0
2017-08-29,650.28,654.02,647.13,653.96,572900,0,0
2017-08-30,656.9,657.43,654.49,655.0,639500,0,0
2017-08-31,657.13,658.03,655.64,657.83,616000,0,0
2017-09-01,660.71,662.39,658.65,661.99,566100,0,0
2017-09-05,655.4,656.22,645.97,648.75,621100,0,0
2017-09-06,649.23,653.44,649.23,652.59,568500,0,0
2017-09-07,655.44,659.12,655.36,658.48,499900,0,0
2017-09-08,659.83,660.63,653.34,654.29,646300,0,0
2017-09-11,657.68,659.47,654.92,656.53,578300,0,0
2017-09-12,660.03,660.56,658.05,660.05,652300,0,0
2017-09-13,662.94,662.94,658.54,659.09,672500,0,0
2017-09-14,660.15,665.47,659.25,665.41,627100,0,0
2017-09-15,662.9,671.31,662.9,671.3,645600,0,0
2017-09-18,674.66,677.14,672.58,675.87,585800,0,0
2017-09-19,677.57,677.97,670.07,674.48,659300,0,0
2017-09-20,676.6,677.29,668.05,668.05,688100,0,0
2017-09-21,671.32,672.6,658.64,661.11,699800,0,0
2017-09-25,649.11,653.05,638.92,642.04,900600,0,0
2017-09-26,638.58,645.73,637.36,642.4,820400,0,0
2017-09-27,645.02,650.71,644.56,649.24,646000,0,0
2017-09-28,651.92,653.38,648.09,648.09,583400,0,0
2017-09-29,650.32,653.58,648.68,652.82,692300,0,0
2017-10-10,658.76,659.51,653.91,654.59,554200,0,0
2017-10-11,656.85,662.31,656.76,662.31,558400,0,0
2017-10-12,665.12,666.74,663.37,666.54,561100,0,0
2017-10-13,669.0,672.78,659.1,663.08,616600,0,0
2017-10-16,667.26,668.5,652.17,659.41,554300,0,0
2017-10-17,660.61,671.95,660.33,670.51,700000,0,0
2017-10-18,677.42,679.5,667.31,668.42,713700,0,0
2017-10-19,671.22,671.39,664.19,667.1,710600,0,0
2017-10-20,669.06,672.95,667.17,672.95,659100,0,0
2017-10-23,674.98,677.69,674.64,675.86,500000,0,0
2017-10-24,678.55,687.45,678.34,687.21,583200,0,0
2017-10-25,688.83,690.3,684.84,689.14,622300,0,0
2017-10-26,689.94,690.53,680.61,680.61,600300,0,0
2017-10-27,685.2,689.97,682.9,689.97,537100,0,0
2017-10-30,692.76,693.12,688.41,689.68,470700,0,0
2017-10-31,691.07,694.23,689.29,694.2,627100,0,0
2017-11-01,696.65,696.93,694.27,695.77,630600,0,0
2017-11-02,698.14,698.91,691.52,694.96,608900,0,0
2017-11-03,697.43,701.13,695.88,701.13,661000,0,0
2017-11-06,703.2,704.16,699.75,703.79,595300,0,0
2017-11-07,704.83,704.83,697.44,701.14,649900,0,0
2017-11-08,702.69,709.11,701.52,709.11,812400,0,0
2017-11-09,710.71,711.78,705.28,709.94,614800,0,0
2017-11-10,709.85,720.79,709.55,720.79,599900,0,0
2017-11-13,724.76,741.38,724.76,741.38,687100,0,0
2017-11-14,746.88,756.46,742.79,756.46,837100,0,0
2017-11-15,759.55,773.05,755.06,768.03,944900,0,0
2017-11-17,776.32,779.57,770.55,775.85,767800,0,0
2017-11-20,776.74,785.32,776.31,785.32,834800,0,0
2017-11-21,790.35,793.6,782.95,789.38,809300,0,0
2017-11-22,793.79,796.28,779.2,780.9,894400,0,0
2017-11-24,797.97,803.74,792.74,792.74,751800,0,0
2017-11-27,793.81,800.04,783.85,792.8,735800,0,0
2017-11-28,797.29,797.53,773.1,773.12,891400,0,0
2017-11-29,776.75,783.19,770.97,781.72,754800,0,0
2017-11-30,779.84,782.42,769.79,771.42,1053600,0,0
2017-12-01,779.54,788.15,776.71,787.7,883800,0,0
2017-12-04,788.02,788.46,778.2,782.45,821400,0,0
2017-12-05,782.14,783.61,773.8,774.12,860300,0,0
2017-12-06,778.28,783.54,765.25,768.39,970300,0,0
2017-12-07,771.47,773.28,744.34,753.46,1470900,0,0
2017-12-08,757.21,760.73,743.9,744.06,1159200,0,0
2017-12-11,747.99,764.09,745.88,764.09,790700,0,0
2017-12-12,768.3,769.14,755.03,760.4,1018800,0,0
2017-12-13,764.33,773.02,763.17,772.22,1143800,0,0
2017-12-14,777.25,777.44,764.74,770.35,985000,0,0
2017-12-15,770.27,775.04,766.45,771.82,1047400,0,0
2017-12-18,776.09,777.4,770.5,770.5,1131000,0,0
2017-12-19,769.87,771.01,754.27,766.18,1692200,0,0
2017-12-21,754.54,759.13,740.31,740.32,1208900,0,0
2017-12-22,742.15,761.2,740.05,761.2,1083300,0,0
2017-12-26,763.96,775.54,762.21,762.21,808300,0,0
2017-12-27,771.33,791.95,770.95,791.95,829600,0,0
2017-12-28,791.76,798.68,790.34,798.42,1066200,0,0
2018-01-03,816.3,824.18,812.22,822.31,1203100,0,0
2018-01-04,825.11,825.57,802.83,808.01,1346500,0,0
2018-01-05,812.05,828.04,812.05,828.03,1229200,0,0
2018-01-08,836.07,840.06,829.28,839.51,1229000,0,0
2018-01-09,841.39,843.56,827.29,829.99,1196000,0,0
2018-01-10,837.63,841.25,820.89,834.91,1104100,0,0
2018-01-11,835.23,852.51,830.37,852.51,1288800,0,0
2018-01-12,863.07,886.65,857.33,873.05,1180700,0,0
2018-01-15,879.56,892.29,865.68,891.61,1025700,0,0
2018-01-16,889.23,901.23,884.76,901.23,1009400,0,0
2018-01-17,902.37,905.95,884.91,886.58,1212000,0,0
2018-01-18,892.5,899.85,887.67,898.19,1260200,0,0
2018-01-19,902.85,902.97,875.43,879.99,1164700,0,0
2018-01-22,875.95,880.85,864.38,873.09,1126600,0,0
2018-01-23,881.68,894.43,877.68,894.43,1047300,0,0
2018-01-24,901.62,903.17,891.03,894.77,1011700,0,0
2018-01-25,894.21,898.6,887.97,898.6,1025000,0,0
2018-01-26,898.53,913.12,895.32,913.12,1080200,0,0
2018-01-29,914.26,929.35,914.22,927.05,1279600,0,0
2018-01-30,928.72,932.01,918.79,920.96,1243800,0,0
2018-01-31,910.89,917.78,903.52,913.57,1195300,0,0
2018-02-01,916.78,919.9,901.35,908.2,1407700,0,0
2018-02-02,911.46,911.77,887.97,899.47,1373000,0,0
2018-02-05,876.63,883.3,858.22,858.22,1043100,0,0
2018-02-06,821.24,858.74,814.46,858.17,1062700,0,0
2018-02-07,874.75,875.03,829.96,829.96,1033300,0,0
2018-02-08,834.89,867.04,824.64,861.94,796300,0,0
2018-02-09,832.13,850.7,832.13,842.6,764400,0,0
2018-02-12,854.09,854.94,843.24,843.24,692300,0,0
2018-02-13,852.94,854.08,829.39,829.39,832900,0,0
2018-02-14,835.6,848.03,830.78,848.03,722700,0,0
2018-02-19,855.78,875.81,855.58,875.81,684400,0,0
2018-02-20,873.99,877.9,861.5,864.41,797200,0,0
2018-02-21,867.92,877.69,864.21,875.58,814600,0,0
2018-02-22,871.72,873.48,863.89,870.22,857900,0,0
2018-02-23,873.52,875.73,871.41,874.78,770200,0,0
2018-02-26,881.36,884.26,869.66,874.43,802100,0,0
2018-02-27,880.88,882.04,874.0,874.01,794500,0,0
2018-02-28,866.5,868.53,853.9,857.06,820900,0,0
2018-03-02,846.4,861.08,845.72,860.23,768900,0,0
2018-03-05,862.41,863.01,845.0,845.0,747500,0,0
2018-03-06,854.91,859.21,850.42,859.21,828900,0,0
2018-03-07,856.43,861.41,841.03,841.03,947300,0,0
2018-03-08,847.31,855.8,846.34,853.94,891000,0,0
2018-03-09,857.8,868.51,857.47,865.8,884800,0,0
2018-03-12,874.15,884.27,873.26,884.27,802300,0,0
2018-03-13,884.54,886.25,879.85,886.25,1086500,0,0
2018-03-14,882.39,887.04,880.92,886.92,954400,0,0
2018-03-15,886.98,893.56,883.7,890.43,951000,0,0
2018-03-16,893.24,894.45,889.4,894.43,808500,0,0
2018-03-19,894.4,894.4,880.97,880.97,759600,0,0
2018-03-20,876.61,890.4,875.39,890.4,752100,0,0
2018-03-21,892.02,895.72,885.53,885.55,865100,0,0
2018-03-22,889.21,891.3,869.0,871.62,1011500,0,0
2018-03-23,851.7,859.93,829.67,829.68,898200,0,0
2018-03-26,833.11,853.69,822.96,853.69,740200,0,0
2018-03-27,862.4,863.05,856.56,858.84,732200,0,0
2018-03-28,850.05,856.36,843.6,850.97,889800,0,0
2018-03-29,855.82,865.99,854.61,865.99,813000,0,0
2018-03-30,869.86,873.04,867.11,871.09,764000,0,0
2018-04-02,876.85,876.85,865.83,867.8,844100,0,0
2018-04-03,857.83,872.32,857.4,872.32,722800,0,0
2018-04-04,877.15,877.15,858.29,862.51,821300,0,0
2018-04-05,871.09,873.64,865.92,868.93,846400,0,0
2018-04-06,867.43,869.81,863.92,867.96,861800,0,0
2018-04-09,866.75,874.44,865.5,874.44,857700,0,0
2018-04-10,876.22,877.3,866.74,877.3,1012200,0,0
2018-04-11,882.58,886.14,880.87,885.38,886300,0,0
2018-04-12,888.2,889.02,879.17,881.45,998000,0,0
2018-04-13,884.12,892.75,877.74,891.87,1011500,0,0
2018-04-16,895.32,899.2,894.09,896.89,1017000,0,0
2018-04-17,900.5,901.22,896.83,901.22,1309000,0,0
2018-04-18,905.62,906.06,890.73,893.32,1538000,0,0
2018-04-19,892.2,892.2,878.19,882.73,1681300,0,0
2018-04-20,885.59,892.01,880.68,889.17,1406700,0,0
2018-04-23,888.39,890.32,877.36,879.02,1408100,0,0
2018-04-24,881.58,883.78,873.22,873.61,1201400,0,0
2018-04-25,869.31,879.0,862.05,869.93,1177700,0,0
2018-04-26,876.27,879.87,874.21,879.39,957400,0,0
2018-04-27,886.37,886.62,880.03,886.49,1114100,0,0
2018-04-30,886.29,886.6,870.54,875.95,1351100,0,0
2018-05-02,869.52,877.54,863.59,871.03,1357600,0,0
2018-05-03,873.34,876.08,866.05,866.07,1354500,0,0
2018-05-04,868.35,870.1,856.34,856.34,1132000,0,0
2018-05-08,860.56,863.56,827.2,827.22,948400,0,0
2018-05-09,833.48,851.28,815.27,850.85,905900,0,0
2018-05-10,852.28,855.82,846.14,854.93,857400,0,0
2018-05-11,855.25,866.86,855.25,865.93,941500,0,0
2018-05-14,869.44,869.92,855.54,858.7,922200,0,0
2018-05-15,865.53,867.13,858.55,862.94,1007600,0,0
2018-05-16,857.24,857.24,846.9,850.29,1210600,0,0
2018-05-17,854.46,857.56,852.91,855.62,1037400,0,0
2018-05-18,858.08,869.8,857.66,869.45,1064500,0,0
2018-05-21,871.49,876.12,870.52,872.96,998500,0,0
2018-05-23,875.12,875.36,867.28,869.16,874600,0,0
2018-05-24,871.68,875.31,866.47,873.32,1113200,0,0
2018-05-25,866.2,870.71,859.09,868.35,1115000,0,0
2018-05-28,865.58,879.8,865.57,879.69,1270100,0,0
2018-05-29,881.53,884.64,868.81,870.08,1147700,0,0
2018-05-30,876.42,876.71,861.84,874.22,1117600,0,0
2018-05-31,880.97,880.97,873.16,879.66,1083000,0,0
2018-06-01,879.61,883.77,878.15,883.22,1026200,0,0
2018-06-04,887.59,887.76,876.5,877.44,898300,0,0
2018-06-05,881.71,881.98,874.16,877.16,1026000,0,0
2018-06-07,881.47,887.95,880.01,887.91,903300,0,0
2018-06-08,887.37,887.52,877.91,878.48,850300,0,0
2018-06-11,879.06,881.12,874.84,876.55,776400,0,0
2018-06-12,879.18,882.92,870.11,875.04,1081600,0,0
2018-06-14,873.02,873.02,861.14,864.56,1023500,0,0
2018-06-15,866.77,869.77,863.42,866.22,796600,0,0
2018-06-18,866.44,866.86,833.22,840.23,783100,0,0
2018-06-19,841.09,846.62,815.37,815.39,793400,0,0
2018-06-20,819.87,840.17,817.64,840.17,759500,0,0
2018-06-21,841.44,841.91,826.22,826.22,758200,0,0
2018-06-22,826.01,830.68,815.43,830.27,832000,0,0
2018-06-25,831.48,836.99,826.66,836.0,668300,0,0
2018-06-26,825.05,832.32,817.16,831.4,657300,0,0
2018-06-27,832.72,839.61,826.69,826.69,695700,0,0
2018-06-28,823.16,827.01,810.18,810.2,826300,0,0
2018-06-29,817.2,819.05,802.0,818.22,643000,0,0
2018-07-02,818.75,819.94,789.8,789.82,676900,0,0
2018-07-03,797.63,801.91,779.41,795.71,718900,0,0
2018-07-04,795.06,802.92,792.44,799.1,704500,0,0
2018-07-05,799.77,800.93,782.23,794.05,651500,0,0
2018-07-06,795.23,809.96,785.22,808.89,710900,0,0
2018-07-09,806.85,813.1,803.25,808.28,521800,0,0
2018-07-10,814.56,815.9,811.46,813.19,533700,0,0
2018-07-11,810.18,811.56,803.88,804.78,532700,0,0
2018-07-12,809.86,819.98,806.16,819.29,526500,0,0
2018-07-13,820.59,827.89,820.43,827.89,580500,0,0
2018-07-16,830.91,831.41,822.91,825.71,587300,0,0
2018-07-17,826.67,827.31,818.55,819.72,666500,0,0
2018-07-18,823.8,826.36,804.47,810.44,819800,0,0
2018-07-19,811.42,811.97,794.14,796.49,769200,0,0
2018-07-20,796.27,801.02,785.39,791.61,674700,0,0
2018-07-23,792.9,792.99,756.95,756.96,595300,0,0
2018-07-24,760.57,767.71,756.63,761.57,544400,0,0
2018-07-25,764.66,766.0,744.11,748.89,684200,0,0
2018-07-26,755.07,765.16,750.86,765.15,536400,0,0
2018-07-27,766.03,773.98,763.44,773.98,544500,0,0
2018-07-30,773.0,774.82,763.6,769.8,539700,0,0
2018-07-31,768.75,775.52,766.52,775.52,615000,0,0
2018-08-01,779.0,790.38,778.55,790.25,574500,0,0
2018-08-02,788.77,788.88,776.38,781.38,546900,0,0
2018-08-03,786.1,788.82,784.33,788.81,539000,0,0
2018-08-06,789.26,790.82,780.97,781.41,514900,0,0
2018-08-07,783.45,784.88,775.5,784.7,526400,0,0
2018-08-08,787.21,789.76,781.27,783.81,660100,0,0
2018-08-09,783.43,789.68,780.95,789.48,602000,0,0
2018-08-10,789.71,792.44,781.34,784.81,620200,0,0
2018-08-13,780.69,780.69,755.58,755.65,619300,0,0
2018-08-14,758.33,766.26,756.01,761.94,538300,0,0
2018-08-16,752.04,761.57,743.68,761.18,572800,0,0
2018-08-17,766.29,773.37,765.03,772.3,587500,0,0
2018-08-20,775.81,778.26,769.21,769.78,484000,0,0
2018-08-21,773.12,788.92,772.59,787.15,516600,0,0
2018-08-22,790.88,792.7,785.83,785.95,595000,0,0
2018-08-23,788.9,792.03,782.94,791.28,595200,0,0
2018-08-24,790.76,799.33,787.13,798.23,567900,0,0
2018-08-27,799.29,801.58,796.11,801.04,633900,0,0
2018-08-28,806.59,806.89,797.84,798.17,673700,0,0
2018-08-29,800.51,803.34,798.43,803.18,654400,0,0
2018-08-30,805.22,807.91,801.19,804.47,752100,0,0
2018-08-31,803.18,817.83,801.69,816.97,727400,0,0
2018-09-03,817.93,820.35,812.85,816.84,583700,0,0
2018-09-04,819.34,828.01,818.26,827.27,644200,0,0
2018-09-05,827.72,829.66,819.45,820.0,663700,0,0
2018-09-06,821.5,822.1,813.91,815.18,709800,0,0
2018-09-07,816.09,820.22,810.28,818.86,699500,0,0
2018-09-10,819.7,820.13,814.87,816.16,618300,0,0
2018-09-11,816.21,821.29,815.82,820.23,688200,0,0
2018-09-12,824.52,827.75,820.34,826.33,639700,0,0
2018-09-13,828.54,830.95,825.1,830.95,552200,0,0
2018-09-14,833.84,836.36,831.17,834.91,603300,0,0
2018-09-17,837.93,837.97,826.16,828.88,587200,0,0
2018-09-18,826.44,833.66,824.87,831.85,704500,0,0
2018-09-19,833.0,834.15,824.46,826.91,788500,0,0
2018-09-20,829.2,832.51,819.3,821.13,686600,0,0
2018-09-21,825.16,827.92,821.36,827.84,532200,0,0
2018-09-27,828.09,834.29,827.88,833.01,551600,0,0
2018-09-28,832.37,833.14,819.9,822.27,704200,0,0
2018-10-01,824.86,825.53,813.48,816.53,571100,0,0
2018-10-02,817.39,818.46,794.99,794.99,587800,0,0
2018-10-04,800.03,801.46,785.14,789.0,528700,0,0
2018-10-05,784.94,791.32,769.29,773.7,573700,0,0
2018-10-08,772.36,784.47,767.08,767.15,516000,0,0
2018-10-10,768.31,770.85,746.63,747.5,669600,0,0
2018-10-11,720.22,733.04,707.31,707.38,699200,0,0
2018-10-12,704.72,731.5,704.72,731.5,557300,0,0
2018-10-15,732.98,733.9,717.72,718.87,496900,0,0
2018-10-16,724.3,734.12,724.3,731.5,472800,0,0
2018-10-17,744.21,746.14,732.61,739.15,536500,0,0
2018-10-18,741.21,742.24,730.08,731.34,483000,0,0
2018-10-19,725.29,740.54,718.48,740.48,440100,0,0
2018-10-22,736.74,744.15,733.11,744.15,421600,0,0
2018-10-23,740.35,742.45,716.85,719.0,487800,0,0
2018-10-24,727.07,729.89,697.13,699.3,513800,0,0
2018-10-25,678.49,693.07,672.17,686.84,553200,0,0
2018-10-26,694.37,694.37,658.11,663.07,582800,0,0
2018-10-29,663.95,674.77,629.7,629.7,657100,0,0
2018-10-30,623.33,644.65,617.0,644.14,798800,0,0
2018-10-31,648.72,650.38,638.38,648.67,619000,0,0
2018-11-01,655.11,668.73,654.66,657.46,582700,0,0
2018-11-02,666.59,690.65,666.59,690.65,564200,0,0
2018-11-05,686.76,693.29,680.11,691.94,442500,0,0
2018-11-06,695.32,695.65,683.31,691.55,512000,0,0
2018-11-07,693.56,700.25,677.5,682.37,599600,0,0
2018-11-08,695.05,697.25,691.39,693.67,747400,0,0
2018-11-09,694.18,695.11,680.68,687.29,791800,0,0
2018-11-12,677.96,682.52,670.13,670.82,574200,0,0
2018-11-13,658.52,671.93,651.19,670.85,542100,0,0
2018-11-14,670.25,680.29,665.78,671.56,459400,0,0
2018-11-16,685.05,692.6,682.87,690.18,659100,0,0
2018-11-19,693.25,702.26,692.2,702.13,489400,0,0
2018-11-20,691.53,697.98,689.54,690.81,486700,0,0
2018-11-21,681.66,695.72,676.67,695.72,573900,0,0
2018-11-22,697.84,700.41,690.06,692.39,513200,0,0
2018-11-23,694.24,695.75,682.21,683.06,578900,0,0
2018-11-26,685.1,697.57,685.06,695.36,470500,0,0
2018-11-27,698.96,702.13,693.18,700.67,521400,0,0
2018-11-28,702.99,703.24,698.74,700.12,658500,0,0
2018-11-29,709.69,710.45,694.71,695.48,667700,0,0
2018-11-30,696.99,700.51,692.8,695.76,537900,0,0
2018-12-03,704.38,709.65,702.65,709.46,549200,0,0
2018-12-04,709.46,711.77,704.3,708.63,656100,0,0
2018-12-05,695.14,702.69,694.88,701.12,639500,0,0
2018-12-06,699.15,699.54,677.09,678.38,637200,0,0
2018-12-07,685.48,687.81,679.28,685.33,600800,0,0
2018-12-10,675.53,680.19,667.25,670.39,495100,0,0
2018-12-11,673.23,673.61,661.01,661.01,566800,0,0
2018-12-12,664.76,676.98,664.76,676.48,524500,0,0
2018-12-13,678.51,681.78,673.78,681.78,553300,0,0
2018-12-14,680.91,680.91,663.43,666.34,522200,0,0
2018-12-17,665.48,665.77,652.84,661.9,550100,0,0
2018-12-18,654.14,665.17,653.81,659.67,675900,0,0
2018-12-19,663.73,673.59,661.2,672.08,777000,0,0
2018-12-20,667.74,677.79,664.34,668.13,597200,0,0
2018-12-21,667.22,675.23,667.21,673.64,629600,0,0
2018-12-24,671.78,673.48,668.46,669.79,690900,0,0
2018-12-26,658.7,666.69,655.8,665.74,696000,0,0
2018-12-27,678.86,678.86,667.13,667.88,576000,0,0
2018-12-28,670.83,675.89,669.71,675.65,598200,0,0
