2008-12-01,554.61,554.61,554.61,554.61,0,0,0
2008-12-02,562.47,562.47,562.47,562.47,0,0,0
2008-12-03,584.42,584.42,584.42,584.42,0,0,0
2008-12-04,587.43,587.43,587.43,587.43,0,0,0
2008-12-05,600.71,600.71,600.71,600.71,0,0,0
2008-12-08,622.9,622.9,622.9,622.9,0,0,0
2008-12-09,610.19,610.19,610.19,610.19,0,0,0
2008-12-10,624.33,624.33,624.33,624.33,0,0,0
2008-12-11,608.8,608.8,608.8,608.8,0,0,0
2008-12-12,584.74,584.74,584.74,584.74,0,0,0
2008-12-15,590.36,590.36,590.36,590.36,0,0,0
2008-12-16,601.76,601.76,601.76,601.76,0,0,0
2008-12-17,607.39,607.39,607.39,607.39,0,0,0
2008-12-18,617.27,617.27,617.27,617.27,0,0,0
2008-12-19,622.9,622.9,622.9,622.9,0,0,0
2008-12-22,621.8,621.8,621.8,621.8,0,0,0
2008-12-23,587.21,587.21,587.21,587.21,0,0,0
2008-12-24,575.07,575.07,575.07,575.07,0,0,0
2008-12-25,572.99,572.99,572.99,572.99,0,0,0
2008-12-26,569.38,569.38,569.38,569.38,0,0,0
2008-12-29,565.17,565.17,565.17,565.17,0,0,0
2008-12-30,560.42,560.42,560.42,560.42,0,0,0
2008-12-31,553.3,553.3,553.3,553.3,0,0,0
2009-01-05,571.13,571.13,571.13,571.13,0,0,0
2009-01-06,586.33,586.33,586.33,586.33,0,0,0
2009-01-07,584.71,584.71,584.71,584.71,0,0,0
2009-01-08,573.09,573.09,573.09,573.09,0,0,0
2009-01-09,585.85,585.85,585.85,585.85,0,0,0
2009-01-12,588.72,588.72,588.72,588.72,0,0,0
2009-01-13,571.62,571.62,571.62,571.62,0,0,0
2009-01-14,594.02,594.02,594.02,594.02,0,0,0
2009-01-15,595.87,595.87,595.87,595.87,0,0,0
2009-01-16,600.69,600.69,600.69,600.69,0,0,0
2009-01-19,601.25,601.25,601.25,601.25,0,0,0
2009-01-20,606.81,606.81,606.81,606.81,0,0,0
2009-01-21,604.57,604.57,604.57,604.57,0,0,0
2009-01-22,613.16,613.16,613.16,613.16,0,0,0
2009-01-23,610.27,610.27,610.27,610.27,0,0,0
2009-02-02,623.01,623.01,623.01,623.01,0,0,0
2009-02-03,639.05,639.05,639.05,639.05,0,0,0
2009-02-04,652.98,652.98,652.98,652.98,0,0,0
2009-02-05,644.66,644.66,644.66,644.66,0,0,0
2009-02-06,672.81,672.81,672.81,672.81,0,0,0
2009-02-09,696.33,696.33,696.33,696.33,0,0,0
2009-02-10,714.67,714.67,714.67,714.67,0,0,0
2009-02-11,716.4,716.4,716.4,716.4,0,0,0
2009-02-12,723.12,723.12,723.12,723.12,0,0,0
2009-02-13,749.31,749.31,749.31,749.31,0,0,0
2009-02-16,763.3,763.3,763.3,763.3,0,0,0
2009-02-17,736.97,736.97,736.97,736.97,0,0,0
2009-02-18,707.03,707.03,707.03,707.03,0,0,0
2009-02-19,722.09,722.09,722.09,722.09,0,0,0
2009-02-20,744.07,744.07,744.07,744.07,0,0,0
2009-02-23,767.44,767.44,767.44,767.44,0,0,0
2009-02-24,737.93,737.93,737.93,737.93,0,0,0
2009-02-25,734.88,734.88,734.88,734.88,0,0,0
2009-02-26,689.92,689.92,689.92,689.92,0,0,0
2009-02-27,659.07,659.07,659.07,659.07,0,0,0
2009-03-02,672.85,672.85,672.85,672.85,0,0,0
2009-03-03,673.85,673.85,673.85,673.85,0,0,0
2009-03-04,715.48,715.48,715.48,715.48,0,0,0
2009-03-05,719.01,719.01,719.01,719.01,0,0,0
2009-03-06,715.0,715.0,715.0,715.0,0,0,0
2009-03-09,686.47,686.47,686.47,686.47,0,0,0
2009-03-10,699.8,699.8,699.8,699.8,0,0,0
2009-03-11,695.7,695.7,695.7,695.7,0,0,0
2009-03-12,696.98,696.98,696.98,696.98,0,0,0
2009-03-13,692.67,692.67,692.67,692.67,0,0,0
2009-03-16,702.36,702.36,702.36,702.36,0,0,0
2009-03-17,729.69,729.69,729.69,729.69,0,0,0
2009-03-18,737.43,737.43,737.43,737.43,0,0,0
2009-03-19,752.53,752.53,752.53,752.53,0,0,0
2009-03-20,752.35,752.35,752.35,752.35,0,0,0
2009-03-23,769.35,769.35,769.35,769.35,0,0,0
2009-03-24,774.3,774.3,774.3,774.3,0,0,0
2009-03-25,757.07,757.07,757.07,757.07,0,0,0
2009-03-26,774.04,774.04,774.04,774.04,0,0,0
2009-03-27,778.54,778.54,778.54,778.54,0,0,0
2009-03-30,777.39,777.39,777.39,777.39,0,0,0
2009-03-31,784.08,784.08,784.08,784.08,0,0,0
2009-04-01,798.74,798.74,798.74,798.74,0,0,0
2009-04-02,805.12,805.12,805.12,805.12,0,0,0
2009-04-03,801.06,801.06,801.06,801.06,0,0,0
2009-04-07,807.01,807.01,807.01,807.01,0,0,0
2009-04-08,780.46,780.46,780.46,780.46,0,0,0
2009-04-09,793.13,793.13,793.13,793.13,0,0,0
2009-04-10,820.84,820.84,820.84,820.84,0,0,0
2009-04-13,835.91,835.91,835.91,835.91,0,0,0
2009-04-14,850.56,850.56,850.56,850.56,0,0,0
2009-04-15,860.37,860.37,860.37,860.37,0,0,0
2009-04-16,859.51,859.51,859.51,859.51,0,0,0
2009-04-17,845.8,845.8,845.8,845.8,0,0,0
2009-04-20,864.79,864.79,864.79,864.79,0,0,0
2009-04-21,856.11,856.11,856.11,856.11,0,0,0
2009-04-22,819.14,819.14,819.14,819.14,0,0,0
2009-04-23,825.22,825.22,825.22,825.22,0,0,0
2009-04-24,821.17,821.17,821.17,821.17,0,0,0
2009-04-27,794.95,794.95,794.95,794.95,0,0,0
2009-04-28,798.3,798.3,798.3,798.3,0,0,0
2009-04-29,817.59,817.59,817.59,817.59,0,0,0
2009-04-30,828.96,828.96,828.96,828.96,0,0,0
2009-05-04,859.62,859.62,859.62,859.62,0,0,0
2009-05-05,867.23,867.23,867.23,867.23,0,0,0
2009-05-06,883.48,883.48,883.48,883.48,0,0,0
2009-05-07,878.18,878.18,878.18,878.18,0,0,0
2009-05-08,879.93,879.93,879.93,879.93,0,0,0
2009-05-11,849.83,849.83,849.83,849.83,0,0,0
2009-05-12,872.19,872.19,872.19,872.19,0,0,0
2009-05-13,880.6,880.6,880.6,880.6,0,0,0
2009-05-14,880.75,880.75,880.75,880.75,0,0,0
2009-05-15,885.73,885.73,885.73,885.73,0,0,0
2009-05-18,892.23,892.23,892.23,892.23,0,0,0
2009-05-19,900.15,900.15,900.15,900.15,0,0,0
2009-05-20,897.37,897.37,897.37,897.37,0,0,0
2009-05-21,878.09,878.09,878.09,878.09,0,0,0
2009-05-22,876.58,876.58,876.58,876.58,0,0,0
2009-05-25,881.2,881.2,881.2,881.2,0,0,0
2009-05-26,877.3,877.3,877.3,877.3,0,0,0
2009-05-27,881.77,881.77,881.77,881.77,0,0,0
2009-06-01,900.93,900.93,900.93,900.93,0,0,0
2009-06-02,907.5,907.5,907.5,907.5,0,0,0
2009-06-03,920.82,920.82,920.82,920.82,0,0,0
2009-06-04,920.95,920.95,920.95,920.95,0,0,0
2009-06-05,917.21,917.21,917.21,917.21,0,0,0
2009-06-08,914.01,914.01,914.01,914.01,0,0,0
2009-06-09,920.69,920.69,920.69,920.69,0,0,0
2009-06-10,932.13,932.13,932.13,932.13,0,0,0
2009-06-11,922.62,922.62,922.62,922.62,0,0,0
2009-06-12,903.74,903.74,903.74,903.74,0,0,0
2009-06-15,916.49,916.49,916.49,916.49,0,0,0
2009-06-16,916.55,916.55,916.55,916.55,0,0,0
2009-06-17,933.02,933.02,933.02,933.02,0,0,0
2009-06-18,940.85,940.85,940.85,940.85,0,0,0
2009-06-19,943.87,943.87,943.87,943.87,0,0,0
2009-06-22,938.77,938.77,938.77,938.77,0,0,0
2009-06-23,936.73,936.73,936.73,936.73,0,0,0
2009-06-24,953.93,953.93,953.93,953.93,0,0,0
2009-06-25,954.41,954.41,954.41,954.41,0,0,0
2009-06-26,958.68,958.68,958.68,958.68,0,0,0
2009-06-29,968.54,968.54,968.54,968.54,0,0,0
2009-06-30,962.27,962.27,962.27,962.27,0,0,0
2009-07-01,977.46,977.46,977.46,977.46,0,0,0
2009-07-02,987.02,987.02,987.02,987.02,0,0,0
2009-07-03,1000.68,1000.68,1000.68,1000.68,0,0,0
2009-07-06,1010.59,1010.59,1010.59,1010.59,0,0,0
2009-07-07,1008.2,1008.2,1008.2,1008.2,0,0,0
2009-07-08,1019.79,1019.79,1019.79,1019.79,0,0,0
2009-07-09,1037.59,1037.59,1037.59,1037.59,0,0,0
2009-07-10,1042.8,1042.8,1042.8,1042.8,0,0,0
2009-07-13,1047.07,1047.07,1047.07,1047.07,0,0,0
2009-07-14,1068.93,1068.93,1068.93,1068.93,0,0,0
2009-07-15,1077.85,1077.85,1077.85,1077.85,0,0,0
2009-07-16,1076.38,1076.38,1076.38,1076.38,0,0,0
2009-07-17,1084.39,1084.39,1084.39,1084.39,0,0,0
2009-07-20,1104.19,1104.19,1104.19,1104.19,0,0,0
2009-07-21,1081.94,1081.94,1081.94,1081.94,0,0,0
2009-07-22,1098.49,1098.49,1098.49,1098.49,0,0,0
2009-07-23,1108.67,1108.67,1108.67,1108.67,0,0,0
2009-07-24,1105.5,1105.5,1105.5,1105.5,0,0,0
2009-07-27,1126.01,1126.01,1126.01,1126.01,0,0,0
2009-07-28,1138.52,1138.52,1138.52,1138.52,0,0,0
2009-07-29,1072.1,1072.1,1072.1,1072.1,0,0,0
2009-07-30,1084.05,1084.05,1084.05,1084.05,0,0,0
2009-07-31,1117.99,1117.99,1117.99,1117.99,0,0,0
2009-08-03,1140.54,1140.54,1140.54,1140.54,0,0,0
2009-08-04,1149.27,1149.27,1149.27,1149.27,0,0,0
2009-08-05,1144.14,1144.14,1144.14,1144.14,0,0,0
2009-08-06,1125.55,1125.55,1125.55,1125.55,0,0,0
2009-08-07,1087.23,1087.23,1087.23,1087.23,0,0,0
2009-08-10,1092.19,1092.19,1092.19,1092.19,0,0,0
2009-08-11,1100.79,1100.79,1100.79,1100.79,0,0,0
2009-08-12,1052.51,1052.51,1052.51,1052.51,0,0,0
2009-08-13,1060.86,1060.86,1060.86,1060.86,0,0,0
2009-08-14,1022.92,1022.92,1022.92,1022.92,0,0,0
2009-08-17,955.87,955.87,955.87,955.87,0,0,0
2009-08-18,968.39,968.39,968.39,968.39,0,0,0
2009-08-19,921.32,921.32,921.32,921.32,0,0,0
2009-08-20,956.52,956.52,956.52,956.52,0,0,0
2009-08-21,979.99,979.99,979.99,979.99,0,0,0
2009-08-24,998.83,998.83,998.83,998.83,0,0,0
2009-08-25,975.53,975.53,975.53,975.53,0,0,0
2009-08-26,1003.27,1003.27,1003.27,1003.27,0,0,0
2009-08-27,1005.14,1005.14,1005.14,1005.14,0,0,0
2009-08-28,974.29,974.29,974.29,974.29,0,0,0
2009-08-31,904.7,904.7,904.7,904.7,0,0,0
2009-09-01,900.53,900.53,900.53,900.53,0,0,0
2009-09-02,906.86,906.86,906.86,906.86,0,0,0
2009-09-03,956.69,956.69,956.69,956.69,0,0,0
2009-09-04,968.54,968.54,968.54,968.54,0,0,0
2009-09-07,979.45,979.45,979.45,979.45,0,0,0
2009-09-08,999.78,999.78,999.78,999.78,0,0,0
2009-09-09,1010.52,1010.52,1010.52,1010.52,0,0,0
2009-09-10,1000.63,1000.63,1000.63,1000.63,0,0,0
2009-09-11,1016.51,1016.51,1016.51,1016.51,0,0,0
2009-09-14,1041.33,1041.33,1041.33,1041.33,0,0,0
2009-09-15,1049.72,1049.72,1049.72,1049.72,0,0,0
2009-09-16,1045.16,1045.16,1045.16,1045.16,0,0,0
2009-09-17,1065.1,1065.1,1065.1,1065.1,0,0,0
2009-09-18,1030.1,1030.1,1030.1,1030.1,0,0,0
2009-09-21,1039.33,1039.33,1039.33,1039.33,0,0,0
2009-09-22,1016.97,1016.97,1016.97,1016.97,0,0,0
2009-09-23,987.66,987.66,987.66,987.66,0,0,0
2009-09-24,983.32,983.32,983.32,983.32,0,0,0
2009-09-25,976.8,976.8,976.8,976.8,0,0,0
2009-09-28,951.27,951.27,951.27,951.27,0,0,0
2009-09-29,937.16,937.16,937.16,937.16,0,0,0
2009-09-30,949.23,949.23,949.23,949.23,0,0,0
2009-10-09,997.32,997.32,997.32,997.32,0,0,0
2009-10-12,998.75,998.75,998.75,998.75,0,0,0
2009-10-13,1013.28,1013.28,1013.28,1013.28,0,0,0
2009-10-14,1021.1,1021.1,1021.1,1021.1,0,0,0
2009-10-15,1025.2,1025.2,1025.2,1025.2,0,0,0
2009-10-16,1028.42,1028.42,1028.42,1028.42,0,0,0
2009-10-19,1058.17,1058.17,1058.17,1058.17,0,0,0
2009-10-20,1073.48,1073.48,1073.48,1073.48,0,0,0
2009-10-21,1069.56,1069.56,1069.56,1069.56,0,0,0
2009-10-22,1069.86,1069.86,1069.86,1069.86,0,0,0
2009-10-23,1085.46,1085.46,1085.46,1085.46,0,0,0
2009-10-26,1086.84,1086.84,1086.84,1086.84,0,0,0
2009-10-27,1055.81,1055.81,1055.81,1055.81,0,0,0
2009-10-28,1067.14,1067.14,1067.14,1067.14,0,0,0
2009-10-29,1043.95,1043.95,1043.95,1043.95,0,0,0
2009-10-30,1053.97,1053.97,1053.97,1053.97,0,0,0
2009-11-02,1085.65,1085.65,1085.65,1085.65,0,0,0
2009-11-03,1104.31,1104.31,1104.31,1104.31,0,0,0
2009-11-04,1112.35,1112.35,1112.35,1112.35,0,0,0
2009-11-05,1117.23,1117.23,1117.23,1117.23,0,0,0
2009-11-06,1123.82,1123.82,1123.82,1123.82,0,0,0
2009-11-09,1130.57,1130.57,1130.57,1130.57,0,0,0
2009-11-10,1134.68,1134.68,1134.68,1134.68,0,0,0
2009-11-11,1135.5,1135.5,1135.5,1135.5,0,0,0
2009-11-12,1141.33,1141.33,1141.33,1141.33,0,0,0
2009-11-13,1152.57,1152.57,1152.57,1152.57,0,0,0
2009-11-16,1181.63,1181.63,1181.63,1181.63,0,0,0
2009-11-17,1185.17,1185.17,1185.17,1185.17,0,0,0
2009-11-18,1188.47,1188.47,1188.47,1188.47,0,0,0
2009-11-19,1202.7,1202.7,1202.7,1202.7,0,0,0
2009-11-20,1208.82,1208.82,1208.82,1208.82,0,0,0
2009-11-23,1227.26,1227.26,1227.26,1227.26,0,0,0
2009-11-24,1175.08,1175.08,1175.08,1175.08,0,0,0
2009-11-25,1214.24,1214.24,1214.24,1214.24,0,0,0
2009-11-26,1171.72,1171.72,1171.72,1171.72,0,0,0
2009-11-27,1137.65,1137.65,1137.65,1137.65,0,0,0
2009-11-30,1185.94,1185.94,1185.94,1185.94,0,0,0
2009-12-01,1212.6,1212.6,1212.6,1212.6,0,0,0
2009-12-02,1228.24,1228.24,1228.24,1228.24,0,0,0
2009-12-03,1234.17,1234.17,1234.17,1234.17,0,0,0
2009-12-04,1214.74,1214.74,1214.74,1214.74,0,0,0
2009-12-07,1232.24,1232.24,1232.24,1232.24,0,0,0
2009-12-08,1228.86,1228.86,1228.86,1228.86,0,0,0
2009-12-09,1211.79,1211.79,1211.79,1211.79,0,0,0
2009-12-10,1220.02,1220.02,1220.02,1220.02,0,0,0
2009-12-11,1218.74,1218.74,1218.74,1218.74,0,0,0
2009-12-14,1217.98,1217.98,1217.98,1217.98,0,0,0
2009-12-15,1214.85,1214.85,1214.85,1214.85,0,0,0
2009-12-16,1201.97,1201.97,1201.97,1201.97,0,0,0
2009-12-17,1168.76,1168.76,1168.76,1168.76,0,0,0
2009-12-18,1127.88,1127.88,1127.88,1127.88,0,0,0
2009-12-21,1140.4,1140.4,1140.4,1140.4,0,0,0
2009-12-22,1109.37,1109.37,1109.37,1109.37,0,0,0
2009-12-23,1127.95,1127.95,1127.95,1127.95,0,0,0
2009-12-24,1166.01,1166.01,1166.01,1166.01,0,0,0
2009-12-25,1168.17,1168.17,1168.17,1168.17,0,0,0
2009-12-28,1186.2,1186.2,1186.2,1186.2,0,0,0
2009-12-29,1191.07,1191.07,1191.07,1191.07,0,0,0
2009-12-30,1193.9,1193.9,1193.9,1193.9,0,0,0
2009-12-31,1201.34,1201.34,1201.34,1201.34,0,0,0
2010-01-04,1198.76,1198.76,1198.76,1198.76,0,0,0
2010-01-05,1205.49,1205.49,1205.49,1205.49,0,0,0
2010-01-06,1203.24,1203.24,1203.24,1203.24,0,0,0
2010-01-07,1179.99,1179.99,1179.99,1179.99,0,0,0
2010-01-08,1187.86,1187.86,1187.86,1187.86,0,0,0
2010-01-11,1189.95,1189.95,1189.95,1189.95,0,0,0
2010-01-12,1213.1,1213.1,1213.1,1213.1,0,0,0
2010-01-13,1193.73,1193.73,1193.73,1193.73,0,0,0
2010-01-14,1219.11,1219.11,1219.11,1219.11,0,0,0
2010-01-15,1226.72,1226.72,1226.72,1226.72,0,0,0
2010-01-18,1240.98,1240.98,1240.98,1240.98,0,0,0
2010-01-19,1237.21,1237.21,1237.21,1237.21,0,0,0
2010-01-20,1191.75,1191.75,1191.75,1191.75,0,0,0
2010-01-21,1194.21,1194.21,1194.21,1194.21,0,0,0
2010-01-22,1161.89,1161.89,1161.89,1161.89,0,0,0
2010-01-25,1148.49,1148.49,1148.49,1148.49,0,0,0
2010-01-26,1112.41,1112.41,1112.41,1112.41,0,0,0
2010-01-27,1103.64,1103.64,1103.64,1103.64,0,0,0
2010-01-28,1113.73,1113.73,1113.73,1113.73,0,0,0
2010-01-29,1120.45,1120.45,1120.45,1120.45,0,0,0
2010-02-01,1102.69,1102.69,1102.69,1102.69,0,0,0
2010-02-02,1096.29,1096.29,1096.29,1096.29,0,0,0
2010-02-03,1116.6,1116.6,1116.6,1116.6,0,0,0
2010-02-04,1119.77,1119.77,1119.77,1119.77,0,0,0
2010-02-05,1097.11,1097.11,1097.11,1097.11,0,0,0
2010-02-08,1099.15,1099.15,1099.15,1099.15,0,0,0
2010-02-09,1100.41,1100.41,1100.41,1100.41,0,0,0
2010-02-10,1117.4,1117.4,1117.4,1117.4,0,0,0
2010-02-11,1118.58,1118.58,1118.58,1118.58,0,0,0
2010-02-12,1130.52,1130.52,1130.52,1130.52,0,0,0
2010-02-22,1129.38,1129.38,1129.38,1129.38,0,0,0
2010-02-23,1128.08,1128.08,1128.08,1128.08,0,0,0
2010-02-24,1153.94,1153.94,1153.94,1153.94,0,0,0
2010-02-25,1173.66,1173.66,1173.66,1173.66,0,0,0
2010-02-26,1172.33,1172.33,1172.33,1172.33,0,0,0
2010-03-01,1184.88,1184.88,1184.88,1184.88,0,0,0
2010-03-02,1183.95,1183.95,1183.95,1183.95,0,0,0
2010-03-03,1194.11,1194.11,1194.11,1194.11,0,0,0
2010-03-04,1158.4,1158.4,1158.4,1158.4,0,0,0
2010-03-05,1161.42,1161.42,1161.42,1161.42,0,0,0
2010-03-08,1172.8,1172.8,1172.8,1172.8,0,0,0
2010-03-09,1177.1,1177.1,1177.1,1177.1,0,0,0
2010-03-10,1164.91,1164.91,1164.91,1164.91,0,0,0
2010-03-11,1163.46,1163.46,1163.46,1163.46,0,0,0
2010-03-12,1147.44,1147.44,1147.44,1147.44,0,0,0
2010-03-15,1135.37,1135.37,1135.37,1135.37,0,0,0
2010-03-16,1142.77,1142.77,1142.77,1142.77,0,0,0
2010-03-17,1170.48,1170.48,1170.48,1170.48,0,0,0
2010-03-18,1172.03,1172.03,1172.03,1172.03,0,0,0
2010-03-19,1181.5,1181.5,1181.5,1181.5,0,0,0
2010-03-22,1186.53,1186.53,1186.53,1186.53,0,0,0
2010-03-23,1181.81,1181.81,1181.81,1181.81,0,0,0
2010-03-24,1187.53,1187.53,1187.53,1187.53,0,0,0
2010-03-25,1175.27,1175.27,1175.27,1175.27,0,0,0
2010-03-26,1186.23,1186.23,1186.23,1186.23,0,0,0
2010-03-29,1200.98,1200.98,1200.98,1200.98,0,0,0
2010-03-30,1208.57,1208.57,1208.57,1208.57,0,0,0
2010-03-31,1211.25,1211.25,1211.25,1211.25,0,0,0
2010-04-01,1228.62,1228.62,1228.62,1228.62,0,0,0
2010-04-02,1234.53,1234.53,1234.53,1234.53,0,0,0
2010-04-06,1237.43,1237.43,1237.43,1237.43,0,0,0
2010-04-07,1240.78,1240.78,1240.78,1240.78,0,0,0
2010-04-08,1232.25,1232.25,1232.25,1232.25,0,0,0
2010-04-09,1249.88,1249.88,1249.88,1249.88,0,0,0
2010-04-12,1252.66,1252.66,1252.66,1252.66,0,0,0
2010-04-13,1238.22,1238.22,1238.22,1238.22,0,0,0
2010-04-14,1247.3,1247.3,1247.3,1247.3,0,0,0
2010-04-15,1231.58,1231.58,1231.58,1231.58,0,0,0
2010-04-16,1229.72,1229.72,1229.72,1229.72,0,0,0
2010-04-19,1175.34,1175.34,1175.34,1175.34,0,0,0
2010-04-20,1179.28,1179.28,1179.28,1179.28,0,0,0
2010-04-21,1211.65,1211.65,1211.65,1211.65,0,0,0
2010-04-22,1213.41,1213.41,1213.41,1213.41,0,0,0
2010-04-23,1204.44,1204.44,1204.44,1204.44,0,0,0
2010-04-26,1197.71,1197.71,1197.71,1197.71,0,0,0
2010-04-27,1168.56,1168.56,1168.56,1168.56,0,0,0
2010-04-28,1161.55,1161.55,1161.55,1161.55,0,0,0
2010-04-29,1132.22,1132.22,1132.22,1132.22,0,0,0
2010-04-30,1112.68,1112.68,1112.68,1112.68,0,0,0
2010-05-04,1104.86,1104.86,1104.86,1104.86,0,0,0
2010-05-05,1129.5,1129.5,1129.5,1129.5,0,0,0
2010-05-06,1088.31,1088.31,1088.31,1088.31,0,0,0
2010-05-07,1064.17,1064.17,1064.17,1064.17,0,0,0
2010-05-10,1049.99,1049.99,1049.99,1049.99,0,0,0
2010-05-11,1024.65,1024.65,1024.65,1024.65,0,0,0
2010-05-12,1012.24,1012.24,1012.24,1012.24,0,0,0
2010-05-13,1038.24,1038.24,1038.24,1038.24,0,0,0
2010-05-14,1039.64,1039.64,1039.64,1039.64,0,0,0
2010-05-17,977.6,977.6,977.6,977.6,0,0,0
2010-05-18,993.64,993.64,993.64,993.64,0,0,0
2010-05-19,997.46,997.46,997.46,997.46,0,0,0
2010-05-20,983.87,983.87,983.87,983.87,0,0,0
2010-05-21,1008.48,1008.48,1008.48,1008.48,0,0,0
2010-05-24,1051.62,1051.62,1051.62,1051.62,0,0,0
2010-05-25,1040.09,1040.09,1040.09,1040.09,0,0,0
2010-05-26,1039.45,1039.45,1039.45,1039.45,0,0,0
2010-05-27,1060.33,1060.33,1060.33,1060.33,0,0,0
2010-05-28,1062.78,1062.78,1062.78,1062.78,0,0,0
2010-05-31,1033.49,1033.49,1033.49,1033.49,0,0,0
2010-06-01,1016.54,1016.54,1016.54,1016.54,0,0,0
2010-06-02,1031.41,1031.41,1031.41,1031.41,0,0,0
2010-06-03,1024.76,1024.76,1024.76,1024.76,0,0,0
2010-06-04,1034.93,1034.93,1034.93,1034.93,0,0,0
2010-06-07,1033.32,1033.32,1033.32,1033.32,0,0,0
2010-06-08,1041.09,1041.09,1041.09,1041.09,0,0,0
2010-06-09,1066.92,1066.92,1066.92,1066.92,0,0,0
2010-06-10,1069.2,1069.2,1069.2,1069.2,0,0,0
2010-06-11,1066.1,1066.1,1066.1,1066.1,0,0,0
2010-06-17,1049.52,1049.52,1049.52,1049.52,0,0,0
2010-06-18,1011.66,1011.66,1011.66,1011.66,0,0,0
2010-06-21,1041.33,1041.33,1041.33,1041.33,0,0,0
2010-06-22,1047.56,1047.56,1047.56,1047.56,0,0,0
2010-06-23,1045.16,1045.16,1045.16,1045.16,0,0,0
2010-06-24,1047.23,1047.23,1047.23,1047.23,0,0,0
2010-06-25,1028.61,1028.61,1028.61,1028.61,0,0,0
2010-06-28,1012.91,1012.91,1012.91,1012.91,0,0,0
2010-06-29,957.84,957.84,957.84,957.84,0,0,0
2010-06-30,945.29,945.29,945.29,945.29,0,0,0
2010-07-01,931.35,931.35,931.35,931.35,0,0,0
2010-07-02,925.68,925.68,925.68,925.68,0,0,0
2010-07-05,921.34,921.34,921.34,921.34,0,0,0
2010-07-06,945.68,945.68,945.68,945.68,0,0,0
2010-07-07,958.39,958.39,958.39,958.39,0,0,0
2010-07-08,956.26,956.26,956.26,956.26,0,0,0
2010-07-09,984.32,984.32,984.32,984.32,0,0,0
2010-07-12,993.63,993.63,993.63,993.63,0,0,0
2010-07-13,979.77,979.77,979.77,979.77,0,0,0
2010-07-14,984.33,984.33,984.33,984.33,0,0,0
2010-07-15,963.82,963.82,963.82,963.82,0,0,0
2010-07-16,969.47,969.47,969.47,969.47,0,0,0
2010-07-19,993.07,993.07,993.07,993.07,0,0,0
2010-07-20,1020.36,1020.36,1020.36,1020.36,0,0,0
2010-07-21,1020.96,1020.96,1020.96,1020.96,0,0,0
2010-07-22,1035.78,1035.78,1035.78,1035.78,0,0,0
2010-07-23,1039.02,1039.02,1039.02,1039.02,0,0,0
2010-07-26,1050.69,1050.69,1050.69,1050.69,0,0,0
2010-07-27,1049.44,1049.44,1049.44,1049.44,0,0,0
2010-07-28,1071.95,1071.95,1071.95,1071.95,0,0,0
2010-07-29,1076.88,1076.88,1076.88,1076.88,0,0,0
2010-07-30,1075.44,1075.44,1075.44,1075.44,0,0,0
2010-08-02,1097.03,1097.03,1097.03,1097.03,0,0,0
2010-08-03,1078.98,1078.98,1078.98,1078.98,0,0,0
2010-08-04,1086.99,1086.99,1086.99,1086.99,0,0,0
2010-08-05,1086.33,1086.33,1086.33,1086.33,0,0,0
2010-08-06,1107.44,1107.44,1107.44,1107.44,0,0,0
2010-08-09,1122.32,1122.32,1122.32,1122.32,0,0,0
2010-08-10,1085.63,1085.63,1085.63,1085.63,0,0,0
2010-08-11,1096.29,1096.29,1096.29,1096.29,0,0,0
2010-08-12,1083.12,1083.12,1083.12,1083.12,0,0,0
2010-08-13,1102.8,1102.8,1102.8,1102.8,0,0,0
2010-08-16,1128.02,1128.02,1128.02,1128.02,0,0,0
2010-08-17,1138.09,1138.09,1138.09,1138.09,0,0,0
2010-08-18,1138.03,1138.03,1138.03,1138.03,0,0,0
2010-08-19,1141.35,1141.35,1141.35,1141.35,0,0,0
2010-08-20,1117.33,1117.33,1117.33,1117.33,0,0,0
2010-08-23,1121.65,1121.65,1121.65,1121.65,0,0,0
2010-08-24,1135.55,1135.55,1135.55,1135.55,0,0,0
2010-08-25,1111.52,1111.52,1111.52,1111.52,0,0,0
2010-08-26,1119.0,1119.0,1119.0,1119.0,0,0,0
2010-08-27,1128.49,1128.49,1128.49,1128.49,0,0,0
2010-08-30,1158.22,1158.22,1158.22,1158.22,0,0,0
2010-08-31,1166.5,1166.5,1166.5,1166.5,0,0,0
2010-09-01,1151.17,1151.17,1151.17,1151.17,0,0,0
2010-09-02,1172.34,1172.34,1172.34,1172.34,0,0,0
2010-09-03,1178.26,1178.26,1178.26,1178.26,0,0,0
2010-09-06,1178.35,1178.35,1178.35,1178.35,0,0,0
2010-09-07,1186.52,1186.52,1186.52,1186.52,0,0,0
2010-09-08,1195.47,1195.47,1195.47,1195.47,0,0,0
2010-09-09,1179.13,1179.13,1179.13,1179.13,0,0,0
2010-09-10,1187.44,1187.44,1187.44,1187.44,0,0,0
2010-09-13,1206.21,1206.21,1206.21,1206.21,0,0,0
2010-09-14,1207.64,1207.64,1207.64,1207.64,0,0,0
2010-09-15,1182.23,1182.23,1182.23,1182.23,0,0,0
2010-09-16,1156.51,1156.51,1156.51,1156.51,0,0,0
2010-09-17,1157.12,1157.12,1157.12,1157.12,0,0,0
2010-09-20,1144.28,1144.28,1144.28,1144.28,0,0,0
2010-09-21,1144.55,1144.55,1144.55,1144.55,0,0,0
2010-09-27,1170.54,1170.54,1170.54,1170.54,0,0,0
2010-09-28,1163.32,1163.32,1163.32,1163.32,0,0,0
2010-09-29,1149.69,1149.69,1149.69,1149.69,0,0,0
2010-09-30,1169.02,1169.02,1169.02,1169.02,0,0,0
2010-10-08,1201.79,1201.79,1201.79,1201.79,0,0,0
2010-10-11,1212.14,1212.14,1212.14,1212.14,0,0,0
2010-10-12,1220.77,1220.77,1220.77,1220.77,0,0,0
2010-10-13,1229.59,1229.59,1229.59,1229.59,0,0,0
2010-10-14,1206.4,1206.4,1206.4,1206.4,0,0,0
2010-10-15,1212.67,1212.67,1212.67,1212.67,0,0,0
2010-10-18,1196.23,1196.23,1196.23,1196.23,0,0,0
2010-10-19,1231.7,1231.7,1231.7,1231.7,0,0,0
2010-10-20,1240.46,1240.46,1240.46,1240.46,0,0,0
2010-10-21,1248.52,1248.52,1248.52,1248.52,0,0,0
2010-10-22,1262.16,1262.16,1262.16,1262.16,0,0,0
2010-10-25,1299.83,1299.83,1299.83,1299.83,0,0,0
2010-10-26,1302.04,1302.04,1302.04,1302.04,0,0,0
2010-10-27,1289.19,1289.19,1289.19,1289.19,0,0,0
2010-10-28,1292.95,1292.95,1292.95,1292.95,0,0,0
2010-10-29,1303.85,1303.85,1303.85,1303.85,0,0,0
2010-11-01,1341.84,1341.84,1341.84,1341.84,0,0,0
2010-11-02,1333.29,1333.29,1333.29,1333.29,0,0,0
2010-11-03,1309.41,1309.41,1309.41,1309.41,0,0,0
2010-11-04,1335.66,1335.66,1335.66,1335.66,0,0,0
2010-11-05,1352.12,1352.12,1352.12,1352.12,0,0,0
2010-11-08,1376.29,1376.29,1376.29,1376.29,0,0,0
2010-11-09,1380.59,1380.59,1380.59,1380.59,0,0,0
2010-11-10,1389.54,1389.54,1389.54,1389.54,0,0,0
2010-11-11,1381.49,1381.49,1381.49,1381.49,0,0,0
2010-11-12,1296.95,1296.95,1296.95,1296.95,0,0,0
2010-11-15,1327.99,1327.99,1327.99,1327.99,0,0,0
2010-11-16,1281.7,1281.7,1281.7,1281.7,0,0,0
2010-11-17,1238.97,1238.97,1238.97,1238.97,0,0,0
2010-11-18,1260.59,1260.59,1260.59,1260.59,0,0,0
2010-11-19,1297.48,1297.48,1297.48,1297.48,0,0,0
2010-11-22,1313.57,1313.57,1313.57,1313.57,0,0,0
2010-11-23,1300.62,1300.62,1300.62,1300.62,0,0,0
2010-11-24,1333.74,1333.74,1333.74,1333.74,0,0,0
2010-11-25,1337.94,1337.94,1337.94,1337.94,0,0,0
2010-11-26,1332.9,1332.9,1332.9,1332.9,0,0,0
2010-11-29,1339.31,1339.31,1339.31,1339.31,0,0,0
2010-11-30,1307.83,1307.83,1307.83,1307.83,0,0,0
2010-12-01,1304.39,1304.39,1304.39,1304.39,0,0,0
2010-12-02,1310.7,1310.7,1310.7,1310.7,0,0,0
2010-12-03,1302.26,1302.26,1302.26,1302.26,0,0,0
2010-12-06,1287.37,1287.37,1287.37,1287.37,0,0,0
2010-12-07,1309.44,1309.44,1309.44,1309.44,0,0,0
2010-12-08,1305.25,1305.25,1305.25,1305.25,0,0,0
2010-12-09,1280.82,1280.82,1280.82,1280.82,0,0,0
2010-12-10,1298.25,1298.25,1298.25,1298.25,0,0,0
2010-12-13,1338.43,1338.43,1338.43,1338.43,0,0,0
2010-12-14,1350.75,1350.75,1350.75,1350.75,0,0,0
2010-12-15,1345.18,1345.18,1345.18,1345.18,0,0,0
2010-12-16,1346.83,1346.83,1346.83,1346.83,0,0,0
2010-12-17,1348.56,1348.56,1348.56,1348.56,0,0,0
2010-12-20,1331.75,1331.75,1331.75,1331.75,0,0,0
2010-12-21,1349.14,1349.14,1349.14,1349.14,0,0,0
2010-12-22,1338.2,1338.2,1338.2,1338.2,0,0,0
2010-12-23,1315.72,1315.72,1315.72,1315.72,0,0,0
2010-12-24,1292.02,1292.02,1292.02,1292.02,0,0,0
2010-12-27,1260.53,1260.53,1260.53,1260.53,0,0,0
2010-12-28,1237.15,1237.15,1237.15,1237.15,0,0,0
2010-12-29,1255.66,1255.66,1255.66,1255.66,0,0,0
2010-12-30,1261.1,1261.1,1261.1,1261.1,0,0,0
2010-12-31,1290.86,1290.86,1290.86,1290.86,0,0,0
2011-01-04,1311.33,1311.33,1311.33,1311.33,0,0,0
2011-01-05,1310.14,1310.14,1310.14,1310.14,0,0,0
2011-01-06,1301.79,1301.79,1301.79,1301.79,0,0,0
2011-01-07,1292.06,1292.06,1292.06,1292.06,0,0,0
2011-01-10,1258.86,1258.86,1258.86,1258.86,0,0,0
2011-01-11,1251.68,1251.68,1251.68,1251.68,0,0,0
2011-01-12,1257.17,1257.17,1257.17,1257.17,0,0,0
2011-01-13,1257.32,1257.32,1257.32,1257.32,0,0,0
2011-01-14,1232.73,1232.73,1232.73,1232.73,0,0,0
2011-01-17,1180.39,1180.39,1180.39,1180.39,0,0,0
2011-01-18,1183.48,1183.48,1183.48,1183.48,0,0,0
2011-01-19,1211.64,1211.64,1211.64,1211.64,0,0,0
2011-01-20,1170.47,1170.47,1170.47,1170.47,0,0,0
2011-01-21,1178.16,1178.16,1178.16,1178.16,0,0,0
2011-01-24,1150.04,1150.04,1150.04,1150.04,0,0,0
2011-01-25,1136.58,1136.58,1136.58,1136.58,0,0,0
2011-01-26,1154.42,1154.42,1154.42,1154.42,0,0,0
2011-01-27,1174.67,1174.67,1174.67,1174.67,0,0,0
2011-01-28,1185.68,1185.68,1185.68,1185.68,0,0,0
2011-01-31,1197.67,1197.67,1197.67,1197.67,0,0,0
2011-02-01,1198.19,1198.19,1198.19,1198.19,0,0,0
2011-02-09,1186.21,1186.21,1186.21,1186.21,0,0,0
2011-02-10,1220.58,1220.58,1220.58,1220.58,0,0,0
2011-02-11,1234.18,1234.18,1234.18,1234.18,0,0,0
2011-02-14,1262.11,1262.11,1262.11,1262.11,0,0,0
2011-02-15,1261.6,1261.6,1261.6,1261.6,0,0,0
2011-02-16,1283.26,1283.26,1283.26,1283.26,0,0,0
2011-02-17,1286.73,1286.73,1286.73,1286.73,0,0,0
2011-02-18,1273.42,1273.42,1273.42,1273.42,0,0,0
2011-02-21,1297.66,1297.66,1297.66,1297.66,0,0,0
2011-02-22,1262.82,1262.82,1262.82,1262.82,0,0,0
2011-02-23,1273.92,1273.92,1273.92,1273.92,0,0,0
2011-02-24,1279.64,1279.64,1279.64,1279.64,0,0,0
2011-02-25,1280.3,1280.3,1280.3,1280.3,0,0,0
2011-02-28,1295.81,1295.81,1295.81,1295.81,0,0,0
2011-03-01,1298.87,1298.87,1298.87,1298.87,0,0,0
2011-03-02,1292.99,1292.99,1292.99,1292.99,0,0,0
2011-03-03,1272.0,1272.0,1272.0,1272.0,0,0,0
2011-03-04,1286.22,1286.22,1286.22,1286.22,0,0,0
2011-03-07,1303.48,1303.48,1303.48,1303.48,0,0,0
2011-03-08,1307.71,1307.71,1307.71,1307.71,0,0,0
2011-03-09,1311.34,1311.34,1311.34,1311.34,0,0,0
2011-03-10,1302.65,1302.65,1302.65,1302.65,0,0,0
2011-03-11,1299.69,1299.69,1299.69,1299.69,0,0,0
2011-03-14,1310.99,1310.99,1310.99,1310.99,0,0,0
2011-03-15,1293.61,1293.61,1293.61,1293.61,0,0,0
2011-03-16,1307.96,1307.96,1307.96,1307.96,0,0,0
2011-03-17,1284.96,1284.96,1284.96,1284.96,0,0,0
2011-03-18,1292.93,1292.93,1292.93,1292.93,0,0,0
2011-03-21,1285.69,1285.69,1285.69,1285.69,0,0,0
2011-03-22,1284.84,1284.84,1284.84,1284.84,0,0,0
2011-03-23,1299.99,1299.99,1299.99,1299.99,0,0,0
2011-03-24,1299.53,1299.53,1299.53,1299.53,0,0,0
2011-03-25,1308.18,1308.18,1308.18,1308.18,0,0,0
2011-03-28,1299.49,1299.49,1299.49,1299.49,0,0,0
2011-03-29,1275.28,1275.28,1275.28,1275.28,0,0,0
2011-03-30,1264.59,1264.59,1264.59,1264.59,0,0,0
2011-03-31,1253.68,1253.68,1253.68,1253.68,0,0,0
2011-04-01,1266.55,1266.55,1266.55,1266.55,0,0,0
2011-04-06,1262.45,1262.45,1262.45,1262.45,0,0,0
2011-04-07,1271.32,1271.32,1271.32,1271.32,0,0,0
2011-04-08,1285.99,1285.99,1285.99,1285.99,0,0,0
2011-04-11,1275.52,1275.52,1275.52,1275.52,0,0,0
2011-04-12,1272.21,1272.21,1272.21,1272.21,0,0,0
2011-04-13,1286.71,1286.71,1286.71,1286.71,0,0,0
2011-04-14,1283.24,1283.24,1283.24,1283.24,0,0,0
2011-04-15,1281.5,1281.5,1281.5,1281.5,0,0,0
2011-04-18,1281.99,1281.99,1281.99,1281.99,0,0,0
2011-04-19,1269.32,1269.32,1269.32,1269.32,0,0,0
2011-04-20,1274.25,1274.25,1274.25,1274.25,0,0,0
2011-04-21,1282.24,1282.24,1282.24,1282.24,0,0,0
2011-04-22,1274.73,1274.73,1274.73,1274.73,0,0,0
2011-04-25,1249.58,1249.58,1249.58,1249.58,0,0,0
2011-04-26,1232.8,1232.8,1232.8,1232.8,0,0,0
2011-04-27,1217.74,1217.74,1217.74,1217.74,0,0,0
2011-04-28,1183.7,1183.7,1183.7,1183.7,0,0,0
2011-04-29,1200.62,1200.62,1200.62,1200.62,0,0,0
2011-05-03,1214.12,1214.12,1214.12,1214.12,0,0,0
2011-05-04,1187.28,1187.28,1187.28,1187.28,0,0,0
2011-05-05,1190.8,1190.8,1190.8,1190.8,0,0,0
2011-05-06,1195.31,1195.31,1195.31,1195.31,0,0,0
2011-05-09,1203.07,1203.07,1203.07,1203.07,0,0,0
2011-05-10,1210.23,1210.23,1210.23,1210.23,0,0,0
2011-05-11,1212.27,1212.27,1212.27,1212.27,0,0,0
2011-05-12,1194.88,1194.88,1194.88,1194.88,0,0,0
2011-05-13,1201.37,1201.37,1201.37,1201.37,0,0,0
2011-05-16,1198.72,1198.72,1198.72,1198.72,0,0,0
2011-05-17,1197.04,1197.04,1197.04,1197.04,0,0,0
2011-05-18,1202.7,1202.7,1202.7,1202.7,0,0,0
2011-05-19,1197.31,1197.31,1197.31,1197.31,0,0,0
2011-05-20,1192.66,1192.66,1192.66,1192.66,0,0,0
2011-05-23,1149.39,1149.39,1149.39,1149.39,0,0,0
2011-05-24,1150.91,1150.91,1150.91,1150.91,0,0,0
2011-05-25,1134.19,1134.19,1134.19,1134.19,0,0,0
2011-05-26,1123.15,1123.15,1123.15,1123.15,0,0,0
2011-05-27,1101.11,1101.11,1101.11,1101.11,0,0,0
2011-05-30,1090.5,1090.5,1090.5,1090.5,0,0,0
2011-05-31,1111.9,1111.9,1111.9,1111.9,0,0,0
2011-06-01,1122.29,1122.29,1122.29,1122.29,0,0,0
2011-06-02,1105.95,1105.95,1105.95,1105.95,0,0,0
2011-06-03,1124.32,1124.32,1124.32,1124.32,0,0,0
2011-06-07,1132.69,1132.69,1132.69,1132.69,0,0,0
2011-06-08,1136.53,1136.53,1136.53,1136.53,0,0,0
2011-06-09,1113.02,1113.02,1113.02,1113.02,0,0,0
2011-06-10,1113.32,1113.32,1113.32,1113.32,0,0,0
2011-06-13,1110.89,1110.89,1110.89,1110.89,0,0,0
2011-06-14,1128.42,1128.42,1128.42,1128.42,0,0,0
2011-06-15,1118.17,1118.17,1118.17,1118.17,0,0,0
2011-06-16,1097.17,1097.17,1097.17,1097.17,0,0,0
2011-06-17,1085.11,1085.11,1085.11,1085.11,0,0,0
2011-06-20,1073.19,1073.19,1073.19,1073.19,0,0,0
2011-06-21,1088.77,1088.77,1088.77,1088.77,0,0,0
2011-06-22,1088.35,1088.35,1088.35,1088.35,0,0,0
2011-06-23,1111.18,1111.18,1111.18,1111.18,0,0,0
2011-06-24,1136.39,1136.39,1136.39,1136.39,0,0,0
2011-06-27,1148.63,1148.63,1148.63,1148.63,0,0,0
2011-06-28,1151.99,1151.99,1151.99,1151.99,0,0,0
2011-06-29,1139.86,1139.86,1139.86,1139.86,0,0,0
2011-06-30,1155.89,1155.89,1155.89,1155.89,0,0,0
2011-07-01,1162.07,1162.07,1162.07,1162.07,0,0,0
2011-07-04,1188.91,1188.91,1188.91,1188.91,0,0,0
2011-07-05,1195.83,1195.83,1195.83,1195.83,0,0,0
2011-07-06,1200.58,1200.58,1200.58,1200.58,0,0,0
2011-07-07,1202.32,1202.32,1202.32,1202.32,0,0,0
2011-07-08,1201.5,1201.5,1201.5,1201.5,0,0,0
2011-07-11,1210.34,1210.34,1210.34,1210.34,0,0,0
2011-07-12,1192.49,1192.49,1192.49,1192.49,0,0,0
2011-07-13,1214.83,1214.83,1214.83,1214.83,0,0,0
2011-07-14,1223.73,1223.73,1223.73,1223.73,0,0,0
2011-07-15,1232.83,1232.83,1232.83,1232.83,0,0,0
2011-07-18,1232.54,1232.54,1232.54,1232.54,0,0,0
2011-07-19,1217.03,1217.03,1217.03,1217.03,0,0,0
2011-07-20,1219.46,1219.46,1219.46,1219.46,0,0,0
2011-07-21,1206.08,1206.08,1206.08,1206.08,0,0,0
2011-07-22,1211.15,1211.15,1211.15,1211.15,0,0,0
2011-07-25,1165.7,1165.7,1165.7,1165.7,0,0,0
2011-07-26,1171.27,1171.27,1171.27,1171.27,0,0,0
2011-07-27,1190.83,1190.83,1190.83,1190.83,0,0,0
2011-07-28,1189.13,1189.13,1189.13,1189.13,0,0,0
2011-07-29,1178.7,1178.7,1178.7,1178.7,0,0,0
2011-08-01,1183.98,1183.98,1183.98,1183.98,0,0,0
2011-08-02,1179.99,1179.99,1179.99,1179.99,0,0,0
2011-08-03,1185.17,1185.17,1185.17,1185.17,0,0,0
2011-08-04,1187.9,1187.9,1187.9,1187.9,0,0,0
2011-08-05,1164.95,1164.95,1164.95,1164.95,0,0,0
2011-08-08,1113.37,1113.37,1113.37,1113.37,0,0,0
2011-08-09,1111.4,1111.4,1111.4,1111.4,0,0,0
2011-08-10,1127.03,1127.03,1127.03,1127.03,0,0,0
2011-08-11,1147.17,1147.17,1147.17,1147.17,0,0,0
2011-08-12,1158.96,1158.96,1158.96,1158.96,0,0,0
2011-08-15,1175.41,1175.41,1175.41,1175.41,0,0,0
2011-08-16,1166.84,1166.84,1166.84,1166.84,0,0,0
2011-08-17,1163.87,1163.87,1163.87,1163.87,0,0,0
2011-08-18,1142.91,1142.91,1142.91,1142.91,0,0,0
2011-08-19,1133.84,1133.84,1133.84,1133.84,0,0,0
2011-08-22,1124.17,1124.17,1124.17,1124.17,0,0,0
2011-08-23,1144.05,1144.05,1144.05,1144.05,0,0,0
2011-08-24,1144.74,1144.74,1144.74,1144.74,0,0,0
2011-08-25,1166.79,1166.79,1166.79,1166.79,0,0,0
2011-08-26,1169.95,1169.95,1169.95,1169.95,0,0,0
2011-08-29,1159.52,1159.52,1159.52,1159.52,0,0,0
2011-08-30,1148.29,1148.29,1148.29,1148.29,0,0,0
2011-08-31,1143.34,1143.34,1143.34,1143.34,0,0,0
2011-09-01,1136.75,1136.75,1136.75,1136.75,0,0,0
2011-09-02,1124.44,1124.44,1124.44,1124.44,0,0,0
2011-09-05,1097.07,1097.07,1097.07,1097.07,0,0,0
2011-09-06,1085.35,1085.35,1085.35,1085.35,0,0,0
2011-09-07,1111.23,1111.23,1111.23,1111.23,0,0,0
2011-09-08,1100.53,1100.53,1100.53,1100.53,0,0,0
2011-09-09,1094.03,1094.03,1094.03,1094.03,0,0,0
2011-09-13,1077.13,1077.13,1077.13,1077.13,0,0,0
2011-09-14,1087.5,1087.5,1087.5,1087.5,0,0,0
2011-09-15,1089.83,1089.83,1089.83,1089.83,0,0,0
2011-09-16,1089.99,1089.99,1089.99,1089.99,0,0,0
2011-09-19,1067.48,1067.48,1067.48,1067.48,0,0,0
2011-09-20,1071.6,1071.6,1071.6,1071.6,0,0,0
2011-09-21,1102.29,1102.29,1102.29,1102.29,0,0,0
2011-09-22,1070.78,1070.78,1070.78,1070.78,0,0,0
2011-09-23,1060.67,1060.67,1060.67,1060.67,0,0,0
2011-09-26,1043.47,1043.47,1043.47,1043.47,0,0,0
2011-09-27,1047.68,1047.68,1047.68,1047.68,0,0,0
2011-09-28,1032.18,1032.18,1032.18,1032.18,0,0,0
2011-09-29,1006.11,1006.11,1006.11,1006.11,0,0,0
2011-09-30,1004.52,1004.52,1004.52,1004.52,0,0,0
2011-10-10,997.84,997.84,997.84,997.84,0,0,0
2011-10-11,992.31,992.31,992.31,992.31,0,0,0
2011-10-12,1027.06,1027.06,1027.06,1027.06,0,0,0
2011-10-13,1039.89,1039.89,1039.89,1039.89,0,0,0
2011-10-14,1035.62,1035.62,1035.62,1035.62,0,0,0
2011-10-17,1040.81,1040.81,1040.81,1040.81,0,0,0
2011-10-18,1010.46,1010.46,1010.46,1010.46,0,0,0
2011-10-19,1004.2,1004.2,1004.2,1004.2,0,0,0
2011-10-20,974.85,974.85,974.85,974.85,0,0,0
2011-10-21,959.12,959.12,959.12,959.12,0,0,0
2011-10-24,977.03,977.03,977.03,977.03,0,0,0
2011-10-25,1002.9,1002.9,1002.9,1002.9,0,0,0
2011-10-26,1012.7,1012.7,1012.7,1012.7,0,0,0
2011-10-27,1013.19,1013.19,1013.19,1013.19,0,0,0
2011-10-28,1035.88,1035.88,1035.88,1035.88,0,0,0
2011-10-31,1040.93,1040.93,1040.93,1040.93,0,0,0
2011-11-01,1041.51,1041.51,1041.51,1041.51,0,0,0
2011-11-02,1060.17,1060.17,1060.17,1060.17,0,0,0
2011-11-03,1064.62,1064.62,1064.62,1064.62,0,0,0
2011-11-04,1071.33,1071.33,1071.33,1071.33,0,0,0
2011-11-07,1065.31,1065.31,1065.31,1065.31,0,0,0
2011-11-08,1054.73,1054.73,1054.73,1054.73,0,0,0
2011-11-09,1071.04,1071.04,1071.04,1071.04,0,0,0
2011-11-10,1058.72,1058.72,1058.72,1058.72,0,0,0
2011-11-11,1056.94,1056.94,1056.94,1056.94,0,0,0
2011-11-14,1083.04,1083.04,1083.04,1083.04,0,0,0
2011-11-15,1086.94,1086.94,1086.94,1086.94,0,0,0
2011-11-16,1059.24,1059.24,1059.24,1059.24,0,0,0
2011-11-17,1060.55,1060.55,1060.55,1060.55,0,0,0
2011-11-18,1031.54,1031.54,1031.54,1031.54,0,0,0
2011-11-21,1031.5,1031.5,1031.5,1031.5,0,0,0
2011-11-22,1031.17,1031.17,1031.17,1031.17,0,0,0
2011-11-23,1027.14,1027.14,1027.14,1027.14,0,0,0
2011-11-24,1026.97,1026.97,1026.97,1026.97,0,0,0
2011-11-25,1019.69,1019.69,1019.69,1019.69,0,0,0
2011-11-28,1020.52,1020.52,1020.52,1020.52,0,0,0
2011-11-29,1035.55,1035.55,1035.55,1035.55,0,0,0
2011-11-30,994.02,994.02,994.02,994.02,0,0,0
2011-12-01,1014.19,1014.19,1014.19,1014.19,0,0,0
2011-12-02,994.54,994.54,994.54,994.54,0,0,0
2011-12-05,964.56,964.56,964.56,964.56,0,0,0
2011-12-06,966.46,966.46,966.46,966.46,0,0,0
2011-12-07,969.68,969.68,969.68,969.68,0,0,0
2011-12-08,970.95,970.95,970.95,970.95,0,0,0
2011-12-09,961.81,961.81,961.81,961.81,0,0,0
2011-12-12,949.77,949.77,949.77,949.77,0,0,0
2011-12-13,921.32,921.32,921.32,921.32,0,0,0
2011-12-14,906.46,906.46,906.46,906.46,0,0,0
2011-12-15,886.01,886.01,886.01,886.01,0,0,0
2011-12-16,910.35,910.35,910.35,910.35,0,0,0
2011-12-19,912.84,912.84,912.84,912.84,0,0,0
2011-12-20,909.02,909.02,909.02,909.02,0,0,0
2011-12-21,888.16,888.16,888.16,888.16,0,0,0
2011-12-22,879.37,879.37,879.37,879.37,0,0,0
2011-12-23,885.3,885.3,885.3,885.3,0,0,0
2011-12-26,876.9,876.9,876.9,876.9,0,0,0
2011-12-27,853.97,853.97,853.97,853.97,0,0,0
2011-12-28,849.76,849.76,849.76,849.76,0,0,0
2011-12-29,850.94,850.94,850.94,850.94,0,0,0
2011-12-30,866.65,866.65,866.65,866.65,0,0,0
2012-01-04,843.72,843.72,843.72,843.72,0,0,0
2012-01-05,813.99,813.99,813.99,813.99,0,0,0
2012-01-06,817.78,817.78,817.78,817.78,0,0,0
2012-01-09,848.21,848.21,848.21,848.21,0,0,0
2012-01-10,880.86,880.86,880.86,880.86,0,0,0
2012-01-11,880.71,880.71,880.71,880.71,0,0,0
2012-01-12,876.81,876.81,876.81,876.81,0,0,0
2012-01-13,845.93,845.93,845.93,845.93,0,0,0
2012-01-16,818.17,818.17,818.17,818.17,0,0,0
2012-01-17,860.25,860.25,860.25,860.25,0,0,0
2012-01-18,837.4,837.4,837.4,837.4,0,0,0
2012-01-19,847.67,847.67,847.67,847.67,0,0,0
2012-01-20,861.15,861.15,861.15,861.15,0,0,0
2012-01-30,855.09,855.09,855.09,855.09,0,0,0
2012-01-31,855.2,855.2,855.2,855.2,0,0,0
2012-02-01,849.59,849.59,849.59,849.59,0,0,0
2012-02-02,865.72,865.72,865.72,865.72,0,0,0
2012-02-03,878.29,878.29,878.29,878.29,0,0,0
2012-02-06,885.16,885.16,885.16,885.16,0,0,0
2012-02-07,869.87,869.87,869.87,869.87,0,0,0
2012-02-08,893.82,893.82,893.82,893.82,0,0,0
2012-02-09,898.89,898.89,898.89,898.89,0,0,0
2012-02-10,903.64,903.64,903.64,903.64,0,0,0
2012-02-13,912.31,912.31,912.31,912.31,0,0,0
2012-02-14,912.31,912.31,912.31,912.31,0,0,0
2012-02-15,925.99,925.99,925.99,925.99,0,0,0
2012-02-16,923.4,923.4,923.4,923.4,0,0,0
2012-02-17,921.02,921.02,921.02,921.02,0,0,0
2012-02-20,923.32,923.32,923.32,923.32,0,0,0
2012-02-21,933.97,933.97,933.97,933.97,0,0,0
2012-02-22,954.23,954.23,954.23,954.23,0,0,0
2012-02-23,958.8,958.8,958.8,958.8,0,0,0
2012-02-24,972.62,972.62,972.62,972.62,0,0,0
2012-02-27,975.62,975.62,975.62,975.62,0,0,0
2012-02-28,969.51,969.51,969.51,969.51,0,0,0
2012-02-29,956.99,956.99,956.99,956.99,0,0,0
2012-03-01,960.74,960.74,960.74,960.74,0,0,0
2012-03-02,980.77,980.77,980.77,980.77,0,0,0
2012-03-05,981.2,981.2,981.2,981.2,0,0,0
2012-03-06,971.8,971.8,971.8,971.8,0,0,0
2012-03-07,967.05,967.05,967.05,967.05,0,0,0
2012-03-08,980.02,980.02,980.02,980.02,0,0,0
2012-03-09,995.87,995.87,995.87,995.87,0,0,0
2012-03-12,999.63,999.63,999.63,999.63,0,0,0
2012-03-13,1010.46,1010.46,1010.46,1010.46,0,0,0
2012-03-14,969.12,969.12,969.12,969.12,0,0,0
2012-03-15,960.96,960.96,960.96,960.96,0,0,0
2012-03-16,982.85,982.85,982.85,982.85,0,0,0
2012-03-19,993.75,993.75,993.75,993.75,0,0,0
2012-03-20,972.03,972.03,972.03,972.03,0,0,0
2012-03-21,971.93,971.93,971.93,971.93,0,0,0
2012-03-22,969.98,969.98,969.98,969.98,0,0,0
2012-03-23,952.8,952.8,952.8,952.8,0,0,0
2012-03-26,952.76,952.76,952.76,952.76,0,0,0
2012-03-27,948.1,948.1,948.1,948.1,0,0,0
2012-03-28,909.58,909.58,909.58,909.58,0,0,0
2012-03-29,895.07,895.07,895.07,895.07,0,0,0
2012-03-30,891.84,891.84,891.84,891.84,0,0,0
2012-04-05,919.42,919.42,919.42,919.42,0,0,0
2012-04-06,925.53,925.53,925.53,925.53,0,0,0
2012-04-09,915.77,915.77,915.77,915.77,0,0,0
2012-04-10,924.28,924.28,924.28,924.28,0,0,0
2012-04-11,927.37,927.37,927.37,927.37,0,0,0
2012-04-12,945.33,945.33,945.33,945.33,0,0,0
2012-04-13,950.91,950.91,950.91,950.91,0,0,0
2012-04-16,949.23,949.23,949.23,949.23,0,0,0
2012-04-17,936.74,936.74,936.74,936.74,0,0,0
2012-04-18,956.48,956.48,956.48,956.48,0,0,0
2012-04-19,954.27,954.27,954.27,954.27,0,0,0
2012-04-20,961.77,961.77,961.77,961.77,0,0,0
2012-04-23,944.87,944.87,944.87,944.87,0,0,0
2012-04-24,936.51,936.51,936.51,936.51,0,0,0
2012-04-25,944.65,944.65,944.65,944.65,0,0,0
2012-04-26,943.03,943.03,943.03,943.03,0,0,0
2012-04-27,940.35,940.35,940.35,940.35,0,0,0
2012-05-02,956.23,956.23,956.23,956.23,0,0,0
2012-05-03,961.99,961.99,961.99,961.99,0,0,0
2012-05-04,972.3,972.3,972.3,972.3,0,0,0
2012-05-07,981.49,981.49,981.49,981.49,0,0,0
2012-05-08,980.26,980.26,980.26,980.26,0,0,0
2012-05-09,963.18,963.18,963.18,963.18,0,0,0
2012-05-10,966.66,966.66,966.66,966.66,0,0,0
2012-05-11,960.53,960.53,960.53,960.53,0,0,0
2012-05-14,956.19,956.19,956.19,956.19,0,0,0
2012-05-15,955.4,955.4,955.4,955.4,0,0,0
2012-05-16,942.04,942.04,942.04,942.04,0,0,0
2012-05-17,954.95,954.95,954.95,954.95,0,0,0
2012-05-18,940.91,940.91,940.91,940.91,0,0,0
2012-05-21,941.67,941.67,941.67,941.67,0,0,0
2012-05-22,955.7,955.7,955.7,955.7,0,0,0
2012-05-23,954.83,954.83,954.83,954.83,0,0,0
2012-05-24,945.95,945.95,945.95,945.95,0,0,0
2012-05-25,935.05,935.05,935.05,935.05,0,0,0
2012-05-28,948.42,948.42,948.42,948.42,0,0,0
2012-05-29,962.84,962.84,962.84,962.84,0,0,0
2012-05-30,964.26,964.26,964.26,964.26,0,0,0
2012-05-31,967.59,967.59,967.59,967.59,0,0,0
2012-06-01,966.79,966.79,966.79,966.79,0,0,0
2012-06-04,939.33,939.33,939.33,939.33,0,0,0
2012-06-05,937.39,937.39,937.39,937.39,0,0,0
2012-06-06,935.51,935.51,935.51,935.51,0,0,0
2012-06-07,931.83,931.83,931.83,931.83,0,0,0
2012-06-08,928.86,928.86,928.86,928.86,0,0,0
2012-06-11,945.62,945.62,945.62,945.62,0,0,0
2012-06-12,942.18,942.18,942.18,942.18,0,0,0
2012-06-13,959.11,959.11,959.11,959.11,0,0,0
2012-06-14,954.07,954.07,954.07,954.07,0,0,0
2012-06-15,954.31,954.31,954.31,954.31,0,0,0
2012-06-18,964.71,964.71,964.71,964.71,0,0,0
2012-06-19,958.0,958.0,958.0,958.0,0,0,0
2012-06-20,956.23,956.23,956.23,956.23,0,0,0
2012-06-21,943.06,943.06,943.06,943.06,0,0,0
2012-06-25,919.4,919.4,919.4,919.4,0,0,0
2012-06-26,918.24,918.24,918.24,918.24,0,0,0
2012-06-27,918.38,918.38,918.38,918.38,0,0,0
2012-06-28,909.28,909.28,909.28,909.28,0,0,0
2012-06-29,921.4,921.4,921.4,921.4,0,0,0
2012-07-02,932.54,932.54,932.54,932.54,0,0,0
2012-07-03,936.25,936.25,936.25,936.25,0,0,0
2012-07-04,931.65,931.65,931.65,931.65,0,0,0
2012-07-05,914.31,914.31,914.31,914.31,0,0,0
2012-07-06,934.85,934.85,934.85,934.85,0,0,0
2012-07-09,914.21,914.21,914.21,914.21,0,0,0
2012-07-10,905.74,905.74,905.74,905.74,0,0,0
2012-07-11,913.46,913.46,913.46,913.46,0,0,0
2012-07-12,928.21,928.21,928.21,928.21,0,0,0
2012-07-13,922.62,922.62,922.62,922.62,0,0,0
2012-07-16,889.1,889.1,889.1,889.1,0,0,0
2012-07-17,893.51,893.51,893.51,893.51,0,0,0
2012-07-18,896.18,896.18,896.18,896.18,0,0,0
2012-07-19,903.25,903.25,903.25,903.25,0,0,0
2012-07-20,895.62,895.62,895.62,895.62,0,0,0
2012-07-23,886.47,886.47,886.47,886.47,0,0,0
2012-07-24,893.61,893.61,893.61,893.61,0,0,0
2012-07-25,887.54,887.54,887.54,887.54,0,0,0
2012-07-26,880.76,880.76,880.76,880.76,0,0,0
2012-07-27,876.25,876.25,876.25,876.25,0,0,0
2012-07-30,861.82,861.82,861.82,861.82,0,0,0
2012-07-31,849.96,849.96,849.96,849.96,0,0,0
2012-08-01,862.7,862.7,862.7,862.7,0,0,0
2012-08-02,855.28,855.28,855.28,855.28,0,0,0
2012-08-03,871.81,871.81,871.81,871.81,0,0,0
2012-08-06,891.3,891.3,891.3,891.3,0,0,0
2012-08-07,898.48,898.48,898.48,898.48,0,0,0
2012-08-08,895.94,895.94,895.94,895.94,0,0,0
2012-08-09,909.69,909.69,909.69,909.69,0,0,0
2012-08-10,906.32,906.32,906.32,906.32,0,0,0
2012-08-13,887.65,887.65,887.65,887.65,0,0,0
2012-08-14,893.8,893.8,893.8,893.8,0,0,0
2012-08-15,886.98,886.98,886.98,886.98,0,0,0
2012-08-16,879.94,879.94,879.94,879.94,0,0,0
2012-08-17,876.93,876.93,876.93,876.93,0,0,0
2012-08-20,879.25,879.25,879.25,879.25,0,0,0
2012-08-21,891.31,891.31,891.31,891.31,0,0,0
2012-08-22,884.73,884.73,884.73,884.73,0,0,0
2012-08-23,889.26,889.26,889.26,889.26,0,0,0
2012-08-24,871.36,871.36,871.36,871.36,0,0,0
2012-08-27,852.34,852.34,852.34,852.34,0,0,0
2012-08-28,856.09,856.09,856.09,856.09,0,0,0
2012-08-29,851.14,851.14,851.14,851.14,0,0,0
2012-08-30,835.95,835.95,835.95,835.95,0,0,0
2012-08-31,838.53,838.53,838.53,838.53,0,0,0
2012-09-03,854.76,854.76,854.76,854.76,0,0,0
2012-09-04,846.88,846.88,846.88,846.88,0,0,0
2012-09-05,850.98,850.98,850.98,850.98,0,0,0
2012-09-06,859.3,859.3,859.3,859.3,0,0,0
2012-09-07,891.53,891.53,891.53,891.53,0,0,0
2012-09-10,899.72,899.72,899.72,899.72,0,0,0
2012-09-11,896.57,896.57,896.57,896.57,0,0,0
2012-09-12,901.29,901.29,901.29,901.29,0,0,0
2012-09-13,888.48,888.48,888.48,888.48,0,0,0
2012-09-14,889.72,889.72,889.72,889.72,0,0,0
2012-09-17,864.19,864.19,864.19,864.19,0,0,0
2012-09-18,859.44,859.44,859.44,859.44,0,0,0
2012-09-19,865.73,865.73,865.73,865.73,0,0,0
2012-09-20,840.21,840.21,840.21,840.21,0,0,0
2012-09-21,834.15,834.15,834.15,834.15,0,0,0
2012-09-24,840.59,840.59,840.59,840.59,0,0,0
2012-09-25,835.51,835.51,835.51,835.51,0,0,0
2012-09-26,816.79,816.79,816.79,816.79,0,0,0
2012-09-27,837.96,837.96,837.96,837.96,0,0,0
2012-09-28,853.83,853.83,853.83,853.83,0,0,0
2012-10-08,849.3,849.3,849.3,849.3,0,0,0
2012-10-09,871.92,871.92,871.92,871.92,0,0,0
2012-10-10,880.36,880.36,880.36,880.36,0,0,0
2012-10-11,867.21,867.21,867.21,867.21,0,0,0
2012-10-12,865.62,865.62,865.62,865.62,0,0,0
2012-10-15,859.47,859.47,859.47,859.47,0,0,0
2012-10-16,862.14,862.14,862.14,862.14,0,0,0
2012-10-17,863.71,863.71,863.71,863.71,0,0,0
2012-10-18,878.64,878.64,878.64,878.64,0,0,0
2012-10-19,877.29,877.29,877.29,877.29,0,0,0
2012-10-22,882.03,882.03,882.03,882.03,0,0,0
2012-10-23,869.96,869.96,869.96,869.96,0,0,0
2012-10-24,866.45,866.45,866.45,866.45,0,0,0
2012-10-25,858.04,858.04,858.04,858.04,0,0,0
2012-10-26,840.52,840.52,840.52,840.52,0,0,0
2012-10-29,839.45,839.45,839.45,839.45,0,0,0
2012-10-30,840.92,840.92,840.92,840.92,0,0,0
2012-10-31,844.8,844.8,844.8,844.8,0,0,0
2012-11-01,860.45,860.45,860.45,860.45,0,0,0
2012-11-02,862.78,862.78,862.78,862.78,0,0,0
2012-11-05,858.6,858.6,858.6,858.6,0,0,0
2012-11-06,853.33,853.33,853.33,853.33,0,0,0
2012-11-07,851.64,851.64,851.64,851.64,0,0,0
2012-11-08,831.71,831.71,831.71,831.71,0,0,0
2012-11-09,828.46,828.46,828.46,828.46,0,0,0
2012-11-12,832.38,832.38,832.38,832.38,0,0,0
2012-11-13,816.15,816.15,816.15,816.15,0,0,0
2012-11-14,818.6,818.6,818.6,818.6,0,0,0
2012-11-15,805.91,805.91,805.91,805.91,0,0,0
2012-11-16,800.2,800.2,800.2,800.2,0,0,0
2012-11-19,800.84,800.84,800.84,800.84,0,0,0
2012-11-20,799.35,799.35,799.35,799.35,0,0,0
2012-11-21,808.0,808.0,808.0,808.0,0,0,0
2012-11-22,798.55,798.55,798.55,798.55,0,0,0
2012-11-23,800.95,800.95,800.95,800.95,0,0,0
2012-11-26,789.49,789.49,789.49,789.49,0,0,0
2012-11-27,765.52,765.52,765.52,765.52,0,0,0
2012-11-28,750.97,750.97,750.97,750.97,0,0,0
2012-11-29,743.43,743.43,743.43,743.43,0,0,0
2012-11-30,752.84,752.84,752.84,752.84,0,0,0
2012-12-03,734.28,734.28,734.28,734.28,0,0,0
2012-12-04,743.62,743.62,743.62,743.62,0,0,0
2012-12-05,771.72,771.72,771.72,771.72,0,0,0
2012-12-06,769.9,769.9,769.9,769.9,0,0,0
2012-12-07,786.05,786.05,786.05,786.05,0,0,0
2012-12-10,798.39,798.39,798.39,798.39,0,0,0
2012-12-11,793.34,793.34,793.34,793.34,0,0,0
2012-12-12,793.29,793.29,793.29,793.29,0,0,0
2012-12-13,783.86,783.86,783.86,783.86,0,0,0
2012-12-14,816.19,816.19,816.19,816.19,0,0,0
2012-12-17,819.58,819.58,819.58,819.58,0,0,0
2012-12-18,817.36,817.36,817.36,817.36,0,0,0
2012-12-19,822.72,822.72,822.72,822.72,0,0,0
2012-12-20,827.57,827.57,827.57,827.57,0,0,0
2012-12-21,829.64,829.64,829.64,829.64,0,0,0
2012-12-24,835.71,835.71,835.71,835.71,0,0,0
2012-12-25,855.79,855.79,855.79,855.79,0,0,0
2012-12-26,869.35,869.35,869.35,869.35,0,0,0
2012-12-27,862.82,862.82,862.82,862.82,0,0,0
2012-12-28,872.96,872.96,872.96,872.96,0,0,0
2012-12-31,881.17,881.17,881.17,881.17,0,0,0
2013-01-04,877.76,877.76,877.76,877.76,0,0,0
2013-01-07,885.49,885.49,885.49,885.49,0,0,0
2013-01-08,895.15,895.15,895.15,895.15,0,0,0
2013-01-09,897.81,897.81,897.81,897.81,0,0,0
2013-01-10,902.19,902.19,902.19,902.19,0,0,0
2013-01-11,886.13,886.13,886.13,886.13,0,0,0
2013-01-14,918.33,918.33,918.33,918.33,0,0,0
2013-01-15,932.55,932.55,932.55,932.55,0,0,0
2013-01-16,929.73,929.73,929.73,929.73,0,0,0
2013-01-17,921.7,921.7,921.7,921.7,0,0,0
2013-01-18,935.7,935.7,935.7,935.7,0,0,0
2013-01-21,942.5,942.5,942.5,942.5,0,0,0
2013-01-22,928.9,928.9,928.9,928.9,0,0,0
2013-01-23,930.4,930.4,930.4,930.4,0,0,0
2013-01-24,911.53,911.53,911.53,911.53,0,0,0
2013-01-25,909.52,909.52,909.52,909.52,0,0,0
2013-01-28,932.61,932.61,932.61,932.61,0,0,0
2013-01-29,941.28,941.28,941.28,941.28,0,0,0
2013-01-30,942.6,942.6,942.6,942.6,0,0,0
2013-01-31,936.21,936.21,936.21,936.21,0,0,0
2013-02-01,944.28,944.28,944.28,944.28,0,0,0
2013-02-04,935.8,935.8,935.8,935.8,0,0,0
2013-02-05,947.0,947.0,947.0,947.0,0,0,0
2013-02-06,951.52,951.52,951.52,951.52,0,0,0
2013-02-07,956.73,956.73,956.73,956.73,0,0,0
2013-02-08,969.52,969.52,969.52,969.52,0,0,0
2013-02-18,970.09,970.09,970.09,970.09,0,0,0
2013-02-19,951.71,951.71,951.71,951.71,0,0,0
2013-02-20,969.38,969.38,969.38,969.38,0,0,0
2013-02-21,950.01,950.01,950.01,950.01,0,0,0
2013-02-22,947.69,947.69,947.69,947.69,0,0,0
2013-02-25,955.79,955.79,955.79,955.79,0,0,0
2013-02-26,943.33,943.33,943.33,943.33,0,0,0
2013-02-27,945.86,945.86,945.86,945.86,0,0,0
2013-02-28,966.42,966.42,966.42,966.42,0,0,0
2013-03-01,977.36,977.36,977.36,977.36,0,0,0
2013-03-04,942.79,942.79,942.79,942.79,0,0,0
2013-03-05,964.68,964.68,964.68,964.68,0,0,0
2013-03-06,979.19,979.19,979.19,979.19,0,0,0
2013-03-07,968.34,968.34,968.34,968.34,0,0,0
2013-03-08,958.23,958.23,958.23,958.23,0,0,0
2013-03-11,958.43,958.43,958.43,958.43,0,0,0
2013-03-12,935.38,935.38,935.38,935.38,0,0,0
2013-03-13,927.08,927.08,927.08,927.08,0,0,0
2013-03-14,930.6,930.6,930.6,930.6,0,0,0
2013-03-15,933.3,933.3,933.3,933.3,0,0,0
2013-03-18,922.57,922.57,922.57,922.57,0,0,0
2013-03-19,924.53,924.53,924.53,924.53,0,0,0
2013-03-20,949.82,949.82,949.82,949.82,0,0,0
2013-03-21,958.39,958.39,958.39,958.39,0,0,0
2013-03-22,960.84,960.84,960.84,960.84,0,0,0
2013-03-25,959.93,959.93,959.93,959.93,0,0,0
2013-03-26,953.36,953.36,953.36,953.36,0,0,0
2013-03-27,955.24,955.24,955.24,955.24,0,0,0
2013-03-28,930.14,930.14,930.14,930.14,0,0,0
2013-03-29,927.89,927.89,927.89,927.89,0,0,0
2013-04-01,933.69,933.69,933.69,933.69,0,0,0
2013-04-02,921.41,921.41,921.41,921.41,0,0,0
2013-04-03,913.32,913.32,913.32,913.32,0,0,0
2013-04-08,918.5,918.5,918.5,918.5,0,0,0
2013-04-09,926.22,926.22,926.22,926.22,0,0,0
2013-04-10,921.86,921.86,921.86,921.86,0,0,0
2013-04-11,919.12,919.12,919.12,919.12,0,0,0
2013-04-12,912.65,912.65,912.65,912.65,0,0,0
2013-04-15,900.46,900.46,900.46,900.46,0,0,0
2013-04-16,909.95,909.95,909.95,909.95,0,0,0
2013-04-17,919.86,919.86,919.86,919.86,0,0,0
2013-04-18,923.14,923.14,923.14,923.14,0,0,0
2013-04-19,943.42,943.42,943.42,943.42,0,0,0
2013-04-22,949.1,949.1,949.1,949.1,0,0,0
2013-04-23,923.42,923.42,923.42,923.42,0,0,0
2013-04-24,943.78,943.78,943.78,943.78,0,0,0
2013-04-25,927.8,927.8,927.8,927.8,0,0,0
2013-04-26,912.62,912.62,912.62,912.62,0,0,0
2013-05-02,918.48,918.48,918.48,918.48,0,0,0
2013-05-03,936.58,936.58,936.58,936.58,0,0,0
2013-05-06,953.98,953.98,953.98,953.98,0,0,0
2013-05-07,955.33,955.33,955.33,955.33,0,0,0
2013-05-08,965.41,965.41,965.41,965.41,0,0,0
2013-05-09,967.69,967.69,967.69,967.69,0,0,0
2013-05-10,971.36,971.36,971.36,971.36,0,0,0
2013-05-13,974.2,974.2,974.2,974.2,0,0,0
2013-05-14,960.81,960.81,960.81,960.81,0,0,0
2013-05-15,975.65,975.65,975.65,975.65,0,0,0
2013-05-16,986.27,986.27,986.27,986.27,0,0,0
2013-05-17,1002.54,1002.54,1002.54,1002.54,0,0,0
2013-05-20,1016.91,1016.91,1016.91,1016.91,0,0,0
2013-05-21,1030.74,1030.74,1030.74,1030.74,0,0,0
2013-05-22,1021.4,1021.4,1021.4,1021.4,0,0,0
2013-05-23,1014.47,1014.47,1014.47,1014.47,0,0,0
2013-05-24,1029.3,1029.3,1029.3,1029.3,0,0,0
2013-05-27,1037.19,1037.19,1037.19,1037.19,0,0,0
2013-05-28,1036.41,1036.41,1036.41,1036.41,0,0,0
2013-05-29,1042.6,1042.6,1042.6,1042.6,0,0,0
2013-05-30,1043.47,1043.47,1043.47,1043.47,0,0,0
2013-05-31,1035.8,1035.8,1035.8,1035.8,0,0,0
2013-06-03,1027.59,1027.59,1027.59,1027.59,0,0,0
2013-06-04,1007.09,1007.09,1007.09,1007.09,0,0,0
2013-06-05,1012.6,1012.6,1012.6,1012.6,0,0,0
2013-06-06,998.88,998.88,998.88,998.88,0,0,0
2013-06-07,983.46,983.46,983.46,983.46,0,0,0
2013-06-13,955.26,955.26,955.26,955.26,0,0,0
2013-06-14,975.65,975.65,975.65,975.65,0,0,0
2013-06-17,977.66,977.66,977.66,977.66,0,0,0
2013-06-18,979.43,979.43,979.43,979.43,0,0,0
2013-06-19,975.07,975.07,975.07,975.07,0,0,0
2013-06-20,942.06,942.06,942.06,942.06,0,0,0
2013-06-21,939.16,939.16,939.16,939.16,0,0,0
2013-06-24,881.87,881.87,881.87,881.87,0,0,0
2013-06-25,879.93,879.93,879.93,879.93,0,0,0
2013-06-26,901.72,901.72,901.72,901.72,0,0,0
2013-06-27,886.91,886.91,886.91,886.91,0,0,0
2013-06-28,887.68,887.68,887.68,887.68,0,0,0
2013-07-01,906.43,906.43,906.43,906.43,0,0,0
2013-07-02,922.23,922.23,922.23,922.23,0,0,0
2013-07-03,923.08,923.08,923.08,923.08,0,0,0
2013-07-04,928.58,928.58,928.58,928.58,0,0,0
2013-07-05,922.44,922.44,922.44,922.44,0,0,0
2013-07-08,889.53,889.53,889.53,889.53,0,0,0
2013-07-09,892.92,892.92,892.92,892.92,0,0,0
2013-07-10,918.4,918.4,918.4,918.4,0,0,0
2013-07-11,945.25,945.25,945.25,945.25,0,0,0
2013-07-12,940.19,940.19,940.19,940.19,0,0,0
2013-07-15,961.41,961.41,961.41,961.41,0,0,0
2013-07-16,971.4,971.4,971.4,971.4,0,0,0
2013-07-17,956.5,956.5,956.5,956.5,0,0,0
2013-07-18,952.61,952.61,952.61,952.61,0,0,0
2013-07-19,931.65,931.65,931.65,931.65,0,0,0
2013-07-22,948.27,948.27,948.27,948.27,0,0,0
2013-07-23,974.43,974.43,974.43,974.43,0,0,0
2013-07-24,980.97,980.97,980.97,980.97,0,0,0
2013-07-25,961.82,961.82,961.82,961.82,0,0,0
2013-07-26,959.99,959.99,959.99,959.99,0,0,0
2013-07-29,941.33,941.33,941.33,941.33,0,0,0
2013-07-30,938.87,938.87,938.87,938.87,0,0,0
2013-07-31,942.97,942.97,942.97,942.97,0,0,0
2013-08-01,971.71,971.71,971.71,971.71,0,0,0
2013-08-02,975.4,975.4,975.4,975.4,0,0,0
2013-08-05,991.54,991.54,991.54,991.54,0,0,0
2013-08-06,1002.37,1002.37,1002.37,1002.37,0,0,0
2013-08-07,990.78,990.78,990.78,990.78,0,0,0
2013-08-08,994.64,994.64,994.64,994.64,0,0,0
2013-08-09,996.42,996.42,996.42,996.42,0,0,0
2013-08-12,1009.13,1009.13,1009.13,1009.13,0,0,0
2013-08-13,1014.97,1014.97,1014.97,1014.97,0,0,0
2013-08-14,1012.8,1012.8,1012.8,1012.8,0,0,0
2013-08-15,1001.05,1001.05,1001.05,1001.05,0,0,0
2013-08-16,980.61,980.61,980.61,980.61,0,0,0
2013-08-19,999.29,999.29,999.29,999.29,0,0,0
2013-08-20,998.84,998.84,998.84,998.84,0,0,0
2013-08-21,1003.83,1003.83,1003.83,1003.83,0,0,0
2013-08-22,1006.69,1006.69,1006.69,1006.69,0,0,0
2013-08-23,1004.93,1004.93,1004.93,1004.93,0,0,0
2013-08-26,1023.59,1023.59,1023.59,1023.59,0,0,0
2013-08-27,1029.45,1029.45,1029.45,1029.45,0,0,0
2013-08-28,1016.26,1016.26,1016.26,1016.26,0,0,0
2013-08-29,1014.44,1014.44,1014.44,1014.44,0,0,0
2013-08-30,996.7,996.7,996.7,996.7,0,0,0
2013-09-02,1008.04,1008.04,1008.04,1008.04,0,0,0
2013-09-03,1023.79,1023.79,1023.79,1023.79,0,0,0
2013-09-04,1023.81,1023.81,1023.81,1023.81,0,0,0
2013-09-05,1025.83,1025.83,1025.83,1025.83,0,0,0
2013-09-06,1030.76,1030.76,1030.76,1030.76,0,0,0
2013-09-09,1039.91,1039.91,1039.91,1039.91,0,0,0
2013-09-10,1044.58,1044.58,1044.58,1044.58,0,0,0
2013-09-11,1034.52,1034.52,1034.52,1034.52,0,0,0
2013-09-12,1035.0,1035.0,1035.0,1035.0,0,0,0
2013-09-13,1041.49,1041.49,1041.49,1041.49,0,0,0
2013-09-16,1045.24,1045.24,1045.24,1045.24,0,0,0
2013-09-17,1030.25,1030.25,1030.25,1030.25,0,0,0
2013-09-18,1036.51,1036.51,1036.51,1036.51,0,0,0
2013-09-23,1059.74,1059.74,1059.74,1059.74,0,0,0
2013-09-24,1059.81,1059.81,1059.81,1059.81,0,0,0
2013-09-25,1054.07,1054.07,1054.07,1054.07,0,0,0
2013-09-26,1039.85,1039.85,1039.85,1039.85,0,0,0
2013-09-27,1043.74,1043.74,1043.74,1043.74,0,0,0
2013-09-30,1056.55,1056.55,1056.55,1056.55,0,0,0
2013-10-08,1074.8,1074.8,1074.8,1074.8,0,0,0
2013-10-09,1084.88,1084.88,1084.88,1084.88,0,0,0
2013-10-10,1076.85,1076.85,1076.85,1076.85,0,0,0
2013-10-11,1087.44,1087.44,1087.44,1087.44,0,0,0
2013-10-14,1097.06,1097.06,1097.06,1097.06,0,0,0
2013-10-15,1094.58,1094.58,1094.58,1094.58,0,0,0
2013-10-16,1066.33,1066.33,1066.33,1066.33,0,0,0
2013-10-17,1066.53,1066.53,1066.53,1066.53,0,0,0
2013-10-18,1074.12,1074.12,1074.12,1074.12,0,0,0
2013-10-21,1101.59,1101.59,1101.59,1101.59,0,0,0
2013-10-22,1088.55,1088.55,1088.55,1088.55,0,0,0
2013-10-23,1065.22,1065.22,1065.22,1065.22,0,0,0
2013-10-24,1058.78,1058.78,1058.78,1058.78,0,0,0
2013-10-25,1039.94,1039.94,1039.94,1039.94,0,0,0
2013-10-28,1037.85,1037.85,1037.85,1037.85,0,0,0
2013-10-29,1019.04,1019.04,1019.04,1019.04,0,0,0
2013-10-30,1035.2,1035.2,1035.2,1035.2,0,0,0
2013-10-31,1021.04,1021.04,1021.04,1021.04,0,0,0
2013-11-01,1016.97,1016.97,1016.97,1016.97,0,0,0
2013-11-04,1021.47,1021.47,1021.47,1021.47,0,0,0
2013-11-05,1034.61,1034.61,1034.61,1034.61,0,0,0
2013-11-06,1023.86,1023.86,1023.86,1023.86,0,0,0
2013-11-07,1011.26,1011.26,1011.26,1011.26,0,0,0
2013-11-08,997.88,997.88,997.88,997.88,0,0,0
2013-11-11,1004.94,1004.94,1004.94,1004.94,0,0,0
2013-11-12,1014.19,1014.19,1014.19,1014.19,0,0,0
2013-11-13,996.37,996.37,996.37,996.37,0,0,0
2013-11-14,1011.11,1011.11,1011.11,1011.11,0,0,0
2013-11-15,1029.71,1029.71,1029.71,1029.71,0,0,0
2013-11-18,1052.13,1052.13,1052.13,1052.13,0,0,0
2013-11-19,1054.05,1054.05,1054.05,1054.05,0,0,0
2013-11-20,1060.79,1060.79,1060.79,1060.79,0,0,0
2013-11-21,1055.92,1055.92,1055.92,1055.92,0,0,0
2013-11-22,1052.71,1052.71,1052.71,1052.71,0,0,0
2013-11-25,1052.19,1052.19,1052.19,1052.19,0,0,0
2013-11-26,1054.65,1054.65,1054.65,1054.65,0,0,0
2013-11-27,1069.26,1069.26,1069.26,1069.26,0,0,0
2013-11-28,1079.88,1079.88,1079.88,1079.88,0,0,0
2013-11-29,1089.6,1089.6,1089.6,1089.6,0,0,0
2013-12-02,1035.54,1035.54,1035.54,1035.54,0,0,0
2013-12-03,1053.29,1053.29,1053.29,1053.29,0,0,0
2013-12-04,1064.02,1064.02,1064.02,1064.02,0,0,0
2013-12-05,1058.01,1058.01,1058.01,1058.01,0,0,0
2013-12-06,1055.86,1055.86,1055.86,1055.86,0,0,0
2013-12-09,1066.73,1066.73,1066.73,1066.73,0,0,0
2013-12-10,1066.35,1066.35,1066.35,1066.35,0,0,0
2013-12-11,1056.78,1056.78,1056.78,1056.78,0,0,0
2013-12-12,1064.05,1064.05,1064.05,1064.05,0,0,0
2013-12-13,1068.19,1068.19,1068.19,1068.19,0,0,0
2013-12-16,1054.69,1054.69,1054.69,1054.69,0,0,0
2013-12-17,1047.49,1047.49,1047.49,1047.49,0,0,0
2013-12-18,1046.84,1046.84,1046.84,1046.84,0,0,0
2013-12-19,1039.9,1039.9,1039.9,1039.9,0,0,0
2013-12-20,1026.23,1026.23,1026.23,1026.23,0,0,0
2013-12-23,1025.58,1025.58,1025.58,1025.58,0,0,0
2013-12-24,1034.79,1034.79,1034.79,1034.79,0,0,0
2013-12-25,1050.99,1050.99,1050.99,1050.99,0,0,0
2013-12-26,1032.6,1032.6,1032.6,1032.6,0,0,0
2013-12-27,1050.85,1050.85,1050.85,1050.85,0,0,0
2013-12-30,1054.22,1054.22,1054.22,1054.22,0,0,0
2013-12-31,1057.67,1057.67,1057.67,1057.67,0,0,0
2014-01-02,1068.1,1068.1,1068.1,1068.1,0,0,0
2014-01-03,1065.69,1065.69,1065.69,1065.69,0,0,0
2014-01-06,1038.34,1038.34,1038.34,1038.34,0,0,0
2014-01-07,1044.67,1044.67,1044.67,1044.67,0,0,0
2014-01-08,1053.77,1053.77,1053.77,1053.77,0,0,0
2014-01-09,1038.62,1038.62,1038.62,1038.62,0,0,0
2014-01-10,1021.59,1021.59,1021.59,1021.59,0,0,0
2014-01-13,1019.47,1019.47,1019.47,1019.47,0,0,0
2014-01-14,1039.62,1039.62,1039.62,1039.62,0,0,0
2014-01-15,1047.31,1047.31,1047.31,1047.31,0,0,0
2014-01-16,1046.17,1046.17,1046.17,1046.17,0,0,0
2014-01-17,1036.03,1036.03,1036.03,1036.03,0,0,0
2014-01-20,1026.94,1026.94,1026.94,1026.94,0,0,0
2014-01-21,1042.59,1042.59,1042.59,1042.59,0,0,0
2014-01-22,1067.05,1067.05,1067.05,1067.05,0,0,0
2014-01-23,1075.47,1075.47,1075.47,1075.47,0,0,0
2014-01-24,1089.53,1089.53,1089.53,1089.53,0,0,0
2014-01-27,1083.21,1083.21,1083.21,1083.21,0,0,0
2014-01-28,1079.84,1079.84,1079.84,1079.84,0,0,0
2014-01-29,1089.0,1089.0,1089.0,1089.0,0,0,0
2014-01-30,1081.27,1081.27,1081.27,1081.27,0,0,0
2014-02-07,1098.69,1098.69,1098.69,1098.69,0,0,0
2014-02-10,1128.06,1128.06,1128.06,1128.06,0,0,0
2014-02-11,1127.22,1127.22,1127.22,1127.22,0,0,0
2014-02-12,1139.04,1139.04,1139.04,1139.04,0,0,0
2014-02-13,1119.93,1119.93,1119.93,1119.93,0,0,0
2014-02-14,1138.39,1138.39,1138.39,1138.39,0,0,0
2014-02-17,1160.39,1160.39,1160.39,1160.39,0,0,0
2014-02-18,1155.62,1155.62,1155.62,1155.62,0,0,0
2014-02-19,1157.2,1157.2,1157.2,1157.2,0,0,0
2014-02-20,1139.27,1139.27,1139.27,1139.27,0,0,0
2014-02-21,1135.01,1135.01,1135.01,1135.01,0,0,0
2014-02-24,1134.19,1134.19,1134.19,1134.19,0,0,0
2014-02-25,1089.22,1089.22,1089.22,1089.22,0,0,0
2014-02-26,1094.73,1094.73,1094.73,1094.73,0,0,0
2014-02-27,1075.48,1075.48,1075.48,1075.48,0,0,0
2014-02-28,1090.86,1090.86,1090.86,1090.86,0,0,0
2014-03-03,1109.41,1109.41,1109.41,1109.41,0,0,0
2014-03-04,1106.35,1106.35,1106.35,1106.35,0,0,0
2014-03-05,1103.67,1103.67,1103.67,1103.67,0,0,0
2014-03-06,1105.69,1105.69,1105.69,1105.69,0,0,0
2014-03-07,1102.28,1102.28,1102.28,1102.28,0,0,0
2014-03-10,1064.06,1064.06,1064.06,1064.06,0,0,0
2014-03-11,1064.3,1064.3,1064.3,1064.3,0,0,0
2014-03-12,1062.79,1062.79,1062.79,1062.79,0,0,0
2014-03-13,1078.35,1078.35,1078.35,1078.35,0,0,0
2014-03-14,1074.19,1074.19,1074.19,1074.19,0,0,0
2014-03-17,1096.35,1096.35,1096.35,1096.35,0,0,0
2014-03-18,1099.9,1099.9,1099.9,1099.9,0,0,0
2014-03-19,1094.44,1094.44,1094.44,1094.44,0,0,0
2014-03-20,1065.43,1065.43,1065.43,1065.43,0,0,0
2014-03-21,1084.5,1084.5,1084.5,1084.5,0,0,0
2014-03-24,1085.48,1085.48,1085.48,1085.48,0,0,0
2014-03-25,1083.31,1083.31,1083.31,1083.31,0,0,0
2014-03-26,1088.85,1088.85,1088.85,1088.85,0,0,0
2014-03-27,1067.32,1067.32,1067.32,1067.32,0,0,0
2014-03-28,1044.14,1044.14,1044.14,1044.14,0,0,0
2014-03-31,1039.88,1039.88,1039.88,1039.88,0,0,0
2014-04-01,1057.01,1057.01,1057.01,1057.01,0,0,0
2014-04-02,1055.12,1055.12,1055.12,1055.12,0,0,0
2014-04-03,1055.58,1055.58,1055.58,1055.58,0,0,0
2014-04-04,1068.07,1068.07,1068.07,1068.07,0,0,0
2014-04-08,1078.2,1078.2,1078.2,1078.2,0,0,0
2014-04-09,1087.89,1087.89,1087.89,1087.89,0,0,0
2014-04-10,1092.7,1092.7,1092.7,1092.7,0,0,0
2014-04-11,1088.1,1088.1,1088.1,1088.1,0,0,0
2014-04-14,1094.41,1094.41,1094.41,1094.41,0,0,0
2014-04-15,1085.96,1085.96,1085.96,1085.96,0,0,0
2014-04-16,1085.06,1085.06,1085.06,1085.06,0,0,0
2014-04-17,1086.23,1086.23,1086.23,1086.23,0,0,0
2014-04-18,1089.36,1089.36,1089.36,1089.36,0,0,0
2014-04-21,1074.78,1074.78,1074.78,1074.78,0,0,0
2014-04-22,1066.5,1066.5,1066.5,1066.5,0,0,0
2014-04-23,1064.93,1064.93,1064.93,1064.93,0,0,0
2014-04-24,1057.31,1057.31,1057.31,1057.31,0,0,0
2014-04-25,1036.72,1036.72,1036.72,1036.72,0,0,0
2014-04-28,1007.27,1007.27,1007.27,1007.27,0,0,0
2014-04-29,1019.84,1019.84,1019.84,1019.84,0,0,0
2014-04-30,1027.57,1027.57,1027.57,1027.57,0,0,0
2014-05-05,1037.03,1037.03,1037.03,1037.03,0,0,0
2014-05-06,1044.2,1044.2,1044.2,1044.2,0,0,0
2014-05-07,1027.99,1027.99,1027.99,1027.99,0,0,0
2014-05-08,1026.2,1026.2,1026.2,1026.2,0,0,0
2014-05-09,1017.69,1017.69,1017.69,1017.69,0,0,0
2014-05-12,1040.54,1040.54,1040.54,1040.54,0,0,0
2014-05-13,1039.39,1039.39,1039.39,1039.39,0,0,0
2014-05-14,1040.81,1040.81,1040.81,1040.81,0,0,0
2014-05-15,1022.51,1022.51,1022.51,1022.51,0,0,0
2014-05-16,1019.36,1019.36,1019.36,1019.36,0,0,0
2014-05-19,1014.19,1014.19,1014.19,1014.19,0,0,0
2014-05-20,1018.5,1018.5,1018.5,1018.5,0,0,0
2014-05-21,1028.0,1028.0,1028.0,1028.0,0,0,0
2014-05-22,1028.68,1028.68,1028.68,1028.68,0,0,0
2014-05-23,1040.46,1040.46,1040.46,1040.46,0,0,0
2014-05-26,1052.8,1052.8,1052.8,1052.8,0,0,0
2014-05-27,1048.81,1048.81,1048.81,1048.81,0,0,0
2014-05-28,1063.22,1063.22,1063.22,1063.22,0,0,0
2014-05-29,1050.58,1050.58,1050.58,1050.58,0,0,0
2014-05-30,1053.75,1053.75,1053.75,1053.75,0,0,0
2014-06-03,1052.88,1052.88,1052.88,1052.88,0,0,0
2014-06-04,1044.43,1044.43,1044.43,1044.43,0,0,0
2014-06-05,1058.3,1058.3,1058.3,1058.3,0,0,0
2014-06-06,1055.56,1055.56,1055.56,1055.56,0,0,0
2014-06-09,1049.31,1049.31,1049.31,1049.31,0,0,0
2014-06-10,1063.88,1063.88,1063.88,1063.88,0,0,0
2014-06-11,1068.93,1068.93,1068.93,1068.93,0,0,0
2014-06-12,1066.56,1066.56,1066.56,1066.56,0,0,0
2014-06-13,1079.36,1079.36,1079.36,1079.36,0,0,0
2014-06-16,1086.53,1086.53,1086.53,1086.53,0,0,0
2014-06-17,1075.81,1075.81,1075.81,1075.81,0,0,0
2014-06-18,1068.72,1068.72,1068.72,1068.72,0,0,0
2014-06-19,1040.42,1040.42,1040.42,1040.42,0,0,0
2014-06-20,1050.11,1050.11,1050.11,1050.11,0,0,0
2014-06-23,1061.26,1061.26,1061.26,1061.26,0,0,0
2014-06-24,1068.5,1068.5,1068.5,1068.5,0,0,0
2014-06-25,1064.23,1064.23,1064.23,1064.23,0,0,0
2014-06-26,1080.33,1080.33,1080.33,1080.33,0,0,0
2014-06-27,1086.98,1086.98,1086.98,1086.98,0,0,0
2014-06-30,1096.78,1096.78,1096.78,1096.78,0,0,0
2014-07-01,1101.72,1101.72,1101.72,1101.72,0,0,0
2014-07-02,1106.94,1106.94,1106.94,1106.94,0,0,0
2014-07-03,1113.91,1113.91,1113.91,1113.91,0,0,0
2014-07-04,1113.55,1113.55,1113.55,1113.55,0,0,0
2014-07-07,1111.82,1111.82,1111.82,1111.82,0,0,0
2014-07-08,1120.38,1120.38,1120.38,1120.38,0,0,0
2014-07-09,1102.43,1102.43,1102.43,1102.43,0,0,0
2014-07-10,1100.86,1100.86,1100.86,1100.86,0,0,0
2014-07-11,1107.81,1107.81,1107.81,1107.81,0,0,0
2014-07-14,1121.05,1121.05,1121.05,1121.05,0,0,0
2014-07-15,1116.75,1116.75,1116.75,1116.75,0,0,0
2014-07-16,1105.22,1105.22,1105.22,1105.22,0,0,0
2014-07-17,1099.05,1099.05,1099.05,1099.05,0,0,0
2014-07-18,1101.26,1101.26,1101.26,1101.26,0,0,0
2014-07-21,1100.08,1100.08,1100.08,1100.08,0,0,0
2014-07-22,1114.76,1114.76,1114.76,1114.76,0,0,0
2014-07-23,1102.73,1102.73,1102.73,1102.73,0,0,0
2014-07-24,1101.09,1101.09,1101.09,1101.09,0,0,0
2014-07-25,1111.52,1111.52,1111.52,1111.52,0,0,0
2014-07-28,1133.83,1133.83,1133.83,1133.83,0,0,0
2014-07-29,1145.74,1145.74,1145.74,1145.74,0,0,0
2014-07-30,1150.56,1150.56,1150.56,1150.56,0,0,0
2014-07-31,1160.01,1160.01,1160.01,1160.01,0,0,0
2014-08-01,1148.29,1148.29,1148.29,1148.29,0,0,0
2014-08-04,1164.32,1164.32,1164.32,1164.32,0,0,0
2014-08-05,1172.76,1172.76,1172.76,1172.76,0,0,0
2014-08-06,1177.33,1177.33,1177.33,1177.33,0,0,0
2014-08-07,1166.5,1166.5,1166.5,1166.5,0,0,0
2014-08-08,1174.41,1174.41,1174.41,1174.41,0,0,0
2014-08-11,1191.36,1191.36,1191.36,1191.36,0,0,0
2014-08-12,1194.94,1194.94,1194.94,1194.94,0,0,0
2014-08-13,1194.81,1194.81,1194.81,1194.81,0,0,0
2014-08-14,1187.95,1187.95,1187.95,1187.95,0,0,0
2014-08-15,1201.18,1201.18,1201.18,1201.18,0,0,0
2014-08-18,1218.73,1218.73,1218.73,1218.73,0,0,0
2014-08-19,1223.09,1223.09,1223.09,1223.09,0,0,0
2014-08-20,1222.12,1222.12,1222.12,1222.12,0,0,0
2014-08-21,1223.83,1223.83,1223.83,1223.83,0,0,0
2014-08-22,1232.5,1232.5,1232.5,1232.5,0,0,0
2014-08-25,1223.07,1223.07,1223.07,1223.07,0,0,0
2014-08-26,1202.46,1202.46,1202.46,1202.46,0,0,0
2014-08-27,1209.2,1209.2,1209.2,1209.2,0,0,0
2014-08-28,1198.71,1198.71,1198.71,1198.71,0,0,0
2014-08-29,1212.26,1212.26,1212.26,1212.26,0,0,0
2014-09-01,1232.56,1232.56,1232.56,1232.56,0,0,0
2014-09-02,1249.06,1249.06,1249.06,1249.06,0,0,0
2014-09-03,1258.74,1258.74,1258.74,1258.74,0,0,0
2014-09-04,1268.56,1268.56,1268.56,1268.56,0,0,0
2014-09-05,1273.68,1273.68,1273.68,1273.68,0,0,0
2014-09-09,1279.52,1279.52,1279.52,1279.52,0,0,0
2014-09-10,1285.18,1285.18,1285.18,1285.18,0,0,0
2014-09-11,1283.03,1283.03,1283.03,1283.03,0,0,0
2014-09-12,1294.79,1294.79,1294.79,1294.79,0,0,0
2014-09-15,1304.2,1304.2,1304.2,1304.2,0,0,0
2014-09-16,1263.04,1263.04,1263.04,1263.04,0,0,0
2014-09-17,1271.34,1271.34,1271.34,1271.34,0,0,0
2014-09-18,1279.43,1279.43,1279.43,1279.43,0,0,0
2014-09-19,1291.23,1291.23,1291.23,1291.23,0,0,0
2014-09-22,1275.52,1275.52,1275.52,1275.52,0,0,0
2014-09-23,1291.42,1291.42,1291.42,1291.42,0,0,0
2014-09-24,1309.14,1309.14,1309.14,1309.14,0,0,0
2014-09-25,1309.04,1309.04,1309.04,1309.04,0,0,0
2014-09-26,1312.6,1312.6,1312.6,1312.6,0,0,0
2014-09-29,1324.94,1324.94,1324.94,1324.94,0,0,0
2014-09-30,1333.5,1333.5,1333.5,1333.5,0,0,0
2014-10-08,1351.82,1351.82,1351.82,1351.82,0,0,0
2014-10-09,1355.71,1355.71,1355.71,1355.71,0,0,0
2014-10-10,1350.6,1350.6,1350.6,1350.6,0,0,0
2014-10-13,1349.47,1349.47,1349.47,1349.47,0,0,0
2014-10-14,1345.64,1345.64,1345.64,1345.64,0,0,0
2014-10-15,1351.12,1351.12,1351.12,1351.12,0,0,0
2014-10-16,1332.9,1332.9,1332.9,1332.9,0,0,0
2014-10-17,1323.52,1323.52,1323.52,1323.52,0,0,0
2014-10-20,1340.98,1340.98,1340.98,1340.98,0,0,0
2014-10-21,1330.77,1330.77,1330.77,1330.77,0,0,0
2014-10-22,1316.03,1316.03,1316.03,1316.03,0,0,0
2014-10-23,1296.05,1296.05,1296.05,1296.05,0,0,0
2014-10-24,1296.64,1296.64,1296.64,1296.64,0,0,0
2014-10-27,1302.39,1302.39,1302.39,1302.39,0,0,0
2014-10-28,1333.53,1333.53,1333.53,1333.53,0,0,0
2014-10-29,1349.97,1349.97,1349.97,1349.97,0,0,0
2014-10-30,1349.57,1349.57,1349.57,1349.57,0,0,0
2014-10-31,1350.5,1350.5,1350.5,1350.5,0,0,0
2014-11-03,1361.38,1361.38,1361.38,1361.38,0,0,0
2014-11-04,1353.81,1353.81,1353.81,1353.81,0,0,0
2014-11-05,1353.12,1353.12,1353.12,1353.12,0,0,0
2014-11-06,1364.53,1364.53,1364.53,1364.53,0,0,0
2014-11-07,1354.36,1354.36,1354.36,1354.36,0,0,0
2014-11-10,1365.64,1365.64,1365.64,1365.64,0,0,0
2014-11-11,1325.73,1325.73,1325.73,1325.73,0,0,0
2014-11-12,1345.41,1345.41,1345.41,1345.41,0,0,0
2014-11-13,1325.78,1325.78,1325.78,1325.78,0,0,0
2014-11-14,1322.62,1322.62,1322.62,1322.62,0,0,0
2014-11-17,1335.73,1335.73,1335.73,1335.73,0,0,0
2014-11-18,1338.09,1338.09,1338.09,1338.09,0,0,0
2014-11-19,1347.36,1347.36,1347.36,1347.36,0,0,0
2014-11-20,1344.57,1344.57,1344.57,1344.57,0,0,0
2014-11-21,1359.83,1359.83,1359.83,1359.83,0,0,0
2014-11-24,1377.79,1377.79,1377.79,1377.79,0,0,0
2014-11-25,1397.41,1397.41,1397.41,1397.41,0,0,0
2014-11-26,1405.66,1405.66,1405.66,1405.66,0,0,0
2014-11-27,1416.18,1416.18,1416.18,1416.18,0,0,0
2014-11-28,1420.32,1420.32,1420.32,1420.32,0,0,0
2014-12-01,1412.56,1412.56,1412.56,1412.56,0,0,0
2014-12-02,1433.5,1433.5,1433.5,1433.5,0,0,0
2014-12-03,1452.92,1452.92,1452.92,1452.92,0,0,0
2014-12-04,1481.96,1481.96,1481.96,1481.96,0,0,0
2014-12-05,1454.63,1454.63,1454.63,1454.63,0,0,0
2014-12-08,1466.65,1466.65,1466.65,1466.65,0,0,0
2014-12-09,1403.39,1403.39,1403.39,1403.39,0,0,0
2014-12-10,1452.53,1452.53,1452.53,1452.53,0,0,0
2014-12-11,1465.59,1465.59,1465.59,1465.59,0,0,0
2014-12-12,1479.82,1479.82,1479.82,1479.82,0,0,0
2014-12-15,1500.56,1500.56,1500.56,1500.56,0,0,0
2014-12-16,1503.58,1503.58,1503.58,1503.58,0,0,0
2014-12-17,1492.94,1492.94,1492.94,1492.94,0,0,0
2014-12-18,1484.26,1484.26,1484.26,1484.26,0,0,0
2014-12-19,1465.59,1465.59,1465.59,1465.59,0,0,0
2014-12-22,1412.3,1412.3,1412.3,1412.3,0,0,0
2014-12-23,1392.62,1392.62,1392.62,1392.62,0,0,0
2014-12-24,1404.4,1404.4,1404.4,1404.4,0,0,0
2014-12-25,1424.62,1424.62,1424.62,1424.62,0,0,0
2014-12-26,1439.48,1439.48,1439.48,1439.48,0,0,0
2014-12-29,1418.49,1418.49,1418.49,1418.49,0,0,0
2014-12-30,1398.57,1398.57,1398.57,1398.57,0,0,0
2014-12-31,1415.19,1415.19,1415.19,1415.19,0,0,0
2015-01-05,1436.86,1436.86,1436.86,1436.86,0,0,0
2015-01-06,1461.32,1461.32,1461.32,1461.32,0,0,0
2015-01-07,1457.45,1457.45,1457.45,1457.45,0,0,0
2015-01-08,1451.15,1451.15,1451.15,1451.15,0,0,0
2015-01-09,1442.84,1442.84,1442.84,1442.84,0,0,0
2015-01-12,1432.56,1432.56,1432.56,1432.56,0,0,0
2015-01-13,1452.37,1452.37,1452.37,1452.37,0,0,0
2015-01-14,1445.86,1445.86,1445.86,1445.86,0,0,0
2015-01-15,1459.69,1459.69,1459.69,1459.69,0,0,0
2015-01-16,1478.47,1478.47,1478.47,1478.47,0,0,0
2015-01-19,1428.37,1428.37,1428.37,1428.37,0,0,0
2015-01-20,1476.84,1476.84,1476.84,1476.84,0,0,0
2015-01-21,1512.29,1512.29,1512.29,1512.29,0,0,0
2015-01-22,1530.28,1530.28,1530.28,1530.28,0,0,0
2015-01-23,1514.3,1514.3,1514.3,1514.3,0,0,0
2015-01-26,1548.02,1548.02,1548.02,1548.02,0,0,0
2015-01-27,1549.93,1549.93,1549.93,1549.93,0,0,0
2015-01-28,1538.86,1538.86,1538.86,1538.86,0,0,0
2015-01-29,1529.38,1529.38,1529.38,1529.38,0,0,0
2015-01-30,1512.39,1512.39,1512.39,1512.39,0,0,0
2015-02-02,1502.89,1502.89,1502.89,1502.89,0,0,0
2015-02-03,1533.22,1533.22,1533.22,1533.22,0,0,0
2015-02-04,1529.04,1529.04,1529.04,1529.04,0,0,0
2015-02-05,1526.11,1526.11,1526.11,1526.11,0,0,0
2015-02-06,1495.26,1495.26,1495.26,1495.26,0,0,0
2015-02-09,1489.39,1489.39,1489.39,1489.39,0,0,0
2015-02-10,1512.49,1512.49,1512.49,1512.49,0,0,0
2015-02-11,1533.32,1533.32,1533.32,1533.32,0,0,0
2015-02-12,1544.8,1544.8,1544.8,1544.8,0,0,0
2015-02-13,1569.56,1569.56,1569.56,1569.56,0,0,0
2015-02-16,1600.05,1600.05,1600.05,1600.05,0,0,0
2015-02-17,1610.73,1610.73,1610.73,1610.73,0,0,0
2015-02-25,1598.3,1598.3,1598.3,1598.3,0,0,0
2015-02-26,1614.71,1614.71,1614.71,1614.71,0,0,0
2015-02-27,1630.05,1630.05,1630.05,1630.05,0,0,0
2015-03-02,1663.65,1663.65,1663.65,1663.65,0,0,0
2015-03-03,1644.99,1644.99,1644.99,1644.99,0,0,0
2015-03-04,1673.24,1673.24,1673.24,1673.24,0,0,0
2015-03-05,1677.77,1677.77,1677.77,1677.77,0,0,0
2015-03-06,1651.77,1651.77,1651.77,1651.77,0,0,0
2015-03-09,1672.07,1672.07,1672.07,1672.07,0,0,0
2015-03-10,1691.98,1691.98,1691.98,1691.98,0,0,0
2015-03-11,1689.15,1689.15,1689.15,1689.15,0,0,0
2015-03-12,1684.83,1684.83,1684.83,1684.83,0,0,0
2015-03-13,1708.08,1708.08,1708.08,1708.08,0,0,0
2015-03-16,1760.19,1760.19,1760.19,1760.19,0,0,0
2015-03-17,1781.78,1781.78,1781.78,1781.78,0,0,0
2015-03-18,1818.38,1818.38,1818.38,1818.38,0,0,0
2015-03-19,1827.86,1827.86,1827.86,1827.86,0,0,0
2015-03-20,1852.94,1852.94,1852.94,1852.94,0,0,0
2015-03-23,1903.64,1903.64,1903.64,1903.64,0,0,0
2015-03-24,1922.85,1922.85,1922.85,1922.85,0,0,0
2015-03-25,1943.69,1943.69,1943.69,1943.69,0,0,0
2015-03-26,1914.23,1914.23,1914.23,1914.23,0,0,0
2015-03-27,1935.59,1935.59,1935.59,1935.59,0,0,0
2015-03-30,1948.06,1948.06,1948.06,1948.06,0,0,0
2015-03-31,1958.4,1958.4,1958.4,1958.4,0,0,0
2015-04-01,2005.67,2005.67,2005.67,2005.67,0,0,0
2015-04-02,2043.03,2043.03,2043.03,2043.03,0,0,0
2015-04-03,2080.4,2080.4,2080.4,2080.4,0,0,0
2015-04-07,2124.09,2124.09,2124.09,2124.09,0,0,0
2015-04-08,2109.03,2109.03,2109.03,2109.03,0,0,0
2015-04-09,2096.97,2096.97,2096.97,2096.97,0,0,0
2015-04-10,2149.11,2149.11,2149.11,2149.11,0,0,0
2015-04-13,2187.73,2187.73,2187.73,2187.73,0,0,0
2015-04-14,2181.89,2181.89,2181.89,2181.89,0,0,0
2015-04-15,2101.65,2101.65,2101.65,2101.65,0,0,0
2015-04-16,2126.15,2126.15,2126.15,2126.15,0,0,0
2015-04-17,2136.27,2136.27,2136.27,2136.27,0,0,0
2015-04-20,2093.71,2093.71,2093.71,2093.71,0,0,0
2015-04-21,2174.93,2174.93,2174.93,2174.93,0,0,0
2015-04-22,2234.46,2234.46,2234.46,2234.46,0,0,0
2015-04-23,2256.98,2256.98,2256.98,2256.98,0,0,0
2015-04-24,2256.36,2256.36,2256.36,2256.36,0,0,0
2015-04-27,2271.27,2271.27,2271.27,2271.27,0,0,0
2015-04-28,2208.56,2208.56,2208.56,2208.56,0,0,0
2015-04-29,2254.98,2254.98,2254.98,2254.98,0,0,0
2015-04-30,2267.77,2267.77,2267.77,2267.77,0,0,0
2015-05-04,2281.66,2281.66,2281.66,2281.66,0,0,0
2015-05-05,2217.89,2217.89,2217.89,2217.89,0,0,0
2015-05-06,2206.71,2206.71,2206.71,2206.71,0,0,0
2015-05-07,2181.3,2181.3,2181.3,2181.3,0,0,0
2015-05-08,2272.17,2272.17,2272.17,2272.17,0,0,0
2015-05-11,2373.92,2373.92,2373.92,2373.92,0,0,0
2015-05-12,2425.9,2425.9,2425.9,2425.9,0,0,0
2015-05-13,2445.87,2445.87,2445.87,2445.87,0,0,0
2015-05-14,2454.2,2454.2,2454.2,2454.2,0,0,0
2015-05-15,2442.76,2442.76,2442.76,2442.76,0,0,0
2015-05-18,2501.46,2501.46,2501.46,2501.46,0,0,0
2015-05-19,2567.29,2567.29,2567.29,2567.29,0,0,0
2015-05-20,2619.32,2619.32,2619.32,2619.32,0,0,0
2015-05-21,2713.42,2713.42,2713.42,2713.42,0,0,0
2015-05-22,2740.92,2740.92,2740.92,2740.92,0,0,0
2015-05-25,2785.07,2785.07,2785.07,2785.07,0,0,0
2015-05-26,2884.66,2884.66,2884.66,2884.66,0,0,0
2015-05-27,2918.02,2918.02,2918.02,2918.02,0,0,0
2015-05-28,2756.93,2756.93,2756.93,2756.93,0,0,0
2015-05-29,2793.25,2793.25,2793.25,2793.25,0,0,0
2015-06-01,2926.96,2926.96,2926.96,2926.96,0,0,0
2015-06-02,3029.97,3029.97,3029.97,3029.97,0,0,0
2015-06-03,3041.41,3041.41,3041.41,3041.41,0,0,0
2015-06-04,3023.7,3023.7,3023.7,3023.7,0,0,0
2015-06-05,3051.96,3051.96,3051.96,3051.96,0,0,0
2015-06-08,2999.34,2999.34,2999.34,2999.34,0,0,0
2015-06-09,2994.85,2994.85,2994.85,2994.85,0,0,0
2015-06-10,3055.58,3055.58,3055.58,3055.58,0,0,0
2015-06-11,3100.94,3100.94,3100.94,3100.94,0,0,0
2015-06-12,3140.66,3140.66,3140.66,3140.66,0,0,0
2015-06-15,3073.07,3073.07,3073.07,3073.07,0,0,0
2015-06-16,2962.66,2962.66,2962.66,2962.66,0,0,0
2015-06-17,3021.4,3021.4,3021.4,3021.4,0,0,0
2015-06-18,2913.6,2913.6,2913.6,2913.6,0,0,0
2015-06-19,2742.18,2742.18,2742.18,2742.18,0,0,0
2015-06-23,2774.64,2774.64,2774.64,2774.64,0,0,0
2015-06-24,2822.73,2822.73,2822.73,2822.73,0,0,0
2015-06-25,2716.71,2716.71,2716.71,2716.71,0,0,0
2015-06-26,2502.96,2502.96,2502.96,2502.96,0,0,0
2015-06-29,2351.4,2351.4,2351.4,2351.4,0,0,0
2015-06-30,2464.23,2464.23,2464.23,2464.23,0,0,0
2015-07-01,2346.13,2346.13,2346.13,2346.13,0,0,0
2015-07-02,2215.81,2215.81,2215.81,2215.81,0,0,0
2015-07-03,2098.48,2098.48,2098.48,2098.48,0,0,0
2015-07-06,2041.85,2041.85,2041.85,2041.85,0,0,0
2015-07-07,1932.83,1932.83,1932.83,1932.83,0,0,0
2015-07-08,1884.45,1884.45,1884.45,1884.45,0,0,0
2015-07-09,1955.35,1955.35,1955.35,1955.35,0,0,0
2015-07-10,2035.26,2035.26,2035.26,2035.26,0,0,0
2015-07-13,2120.25,2120.25,2120.25,2120.25,0,0,0
2015-07-14,2149.52,2149.52,2149.52,2149.52,0,0,0
2015-07-15,2058.84,2058.84,2058.84,2058.84,0,0,0
2015-07-16,2086.52,2086.52,2086.52,2086.52,0,0,0
2015-07-17,2190.42,2190.42,2190.42,2190.42,0,0,0
2015-07-20,2230.29,2230.29,2230.29,2230.29,0,0,0
2015-07-21,2265.1,2265.1,2265.1,2265.1,0,0,0
2015-07-22,2287.98,2287.98,2287.98,2287.98,0,0,0
2015-07-23,2352.65,2352.65,2352.65,2352.65,0,0,0
2015-07-24,2322.71,2322.71,2322.71,2322.71,0,0,0
2015-07-27,2160.09,2160.09,2160.09,2160.09,0,0,0
2015-07-28,2111.7,2111.7,2111.7,2111.7,0,0,0
2015-07-29,2198.81,2198.81,2198.81,2198.81,0,0,0
2015-07-30,2128.16,2128.16,2128.16,2128.16,0,0,0
2015-07-31,2110.62,2110.62,2110.62,2110.62,0,0,0
2015-08-03,2053.12,2053.12,2053.12,2053.12,0,0,0
2015-08-04,2150.95,2150.95,2150.95,2150.95,0,0,0
2015-08-05,2128.42,2128.42,2128.42,2128.42,0,0,0
2015-08-06,2113.65,2113.65,2113.65,2113.65,0,0,0
2015-08-07,2177.15,2177.15,2177.15,2177.15,0,0,0
2015-08-10,2274.84,2274.84,2274.84,2274.84,0,0,0
2015-08-11,2284.27,2284.27,2284.27,2284.27,0,0,0
2015-08-12,2249.18,2249.18,2249.18,2249.18,0,0,0
2015-08-13,2298.79,2298.79,2298.79,2298.79,0,0,0
2015-08-14,2310.4,2310.4,2310.4,2310.4,0,0,0
2015-08-17,2327.49,2327.49,2327.49,2327.49,0,0,0
2015-08-18,2174.42,2174.42,2174.42,2174.42,0,0,0
2015-08-19,2222.05,2222.05,2222.05,2222.05,0,0,0
2015-08-20,2155.49,2155.49,2155.49,2155.49,0,0,0
2015-08-21,2039.4,2039.4,2039.4,2039.4,0,0,0
2015-08-24,1882.46,1882.46,1882.46,1882.46,0,0,0
2015-08-25,1749.07,1749.07,1749.07,1749.07,0,0,0
2015-08-26,1695.76,1695.76,1695.76,1695.76,0,0,0
2015-08-27,1752.21,1752.21,1752.21,1752.21,0,0,0
2015-08-28,1846.83,1846.83,1846.83,1846.83,0,0,0
2015-08-31,1790.31,1790.31,1790.31,1790.31,0,0,0
2015-09-01,1707.78,1707.78,1707.78,1707.78,0,0,0
2015-09-02,1673.95,1673.95,1673.95,1673.95,0,0,0
2015-09-07,1677.33,1677.33,1677.33,1677.33,0,0,0
2015-09-08,1741.54,1741.54,1741.54,1741.54,0,0,0
2015-09-09,1798.84,1798.84,1798.84,1798.84,0,0,0
2015-09-10,1770.38,1770.38,1770.38,1770.38,0,0,0
2015-09-11,1781.35,1781.35,1781.35,1781.35,0,0,0
2015-09-14,1662.89,1662.89,1662.89,1662.89,0,0,0
2015-09-15,1580.26,1580.26,1580.26,1580.26,0,0,0
2015-09-16,1683.36,1683.36,1683.36,1683.36,0,0,0
2015-09-17,1658.42,1658.42,1658.42,1658.42,0,0,0
2015-09-18,1679.09,1679.09,1679.09,1679.09,0,0,0
2015-09-21,1738.64,1738.64,1738.64,1738.64,0,0,0
2015-09-23,1736.44,1736.44,1736.44,1736.44,0,0,0
2015-09-25,1697.11,1697.11,1697.11,1697.11,0,0,0
2015-09-30,1716.78,1716.78,1716.78,1716.78,0,0,0
2015-10-12,1887.28,1887.28,1887.28,1887.28,0,0,0
2015-10-14,1884.16,1884.16,1884.16,1884.16,0,0,0
2015-10-15,1941.28,1941.28,1941.28,1941.28,0,0,0
2015-10-16,1966.96,1966.96,1966.96,1966.96,0,0,0
2015-10-21,1889.13,1889.13,1889.13,1889.13,0,0,0
2015-10-22,1959.19,1959.19,1959.19,1959.19,0,0,0
2015-10-23,2016.74,2016.74,2016.74,2016.74,0,0,0
2015-10-26,2030.48,2030.48,2030.48,2030.48,0,0,0
2015-10-27,2043.78,2043.78,2043.78,2043.78,0,0,0
2015-10-28,1998.38,1998.38,1998.38,1998.38,0,0,0
2015-10-29,2014.4,2014.4,2014.4,2014.4,0,0,0
2015-10-30,2014.86,2014.86,2014.86,2014.86,0,0,0
2015-11-02,1987.97,1987.97,1987.97,1987.97,0,0,0
2015-11-03,1987.47,1987.47,1987.47,1987.47,0,0,0
2015-11-04,2089.29,2089.29,2089.29,2089.29,0,0,0
2015-11-05,2093.47,2093.47,2093.47,2093.47,0,0,0
2015-11-06,2152.43,2152.43,2152.43,2152.43,0,0,0
2015-11-09,2191.6,2191.6,2191.6,2191.6,0,0,0
2015-11-10,2209.6,2209.6,2209.6,2209.6,0,0,0
2015-11-11,2253.21,2253.21,2253.21,2253.21,0,0,0
2015-11-12,2259.49,2259.49,2259.49,2259.49,0,0,0
2015-11-13,2205.56,2205.56,2205.56,2205.56,0,0,0
2015-11-16,2250.98,2250.98,2250.98,2250.98,0,0,0
2015-11-17,2231.18,2231.18,2231.18,2231.18,0,0,0
2015-11-18,2189.88,2189.88,2189.88,2189.88,0,0,0
2015-11-19,2257.21,2257.21,2257.21,2257.21,0,0,0
2015-11-20,2285.83,2285.83,2285.83,2285.83,0,0,0
2015-11-24,2300.09,2300.09,2300.09,2300.09,0,0,0
2015-11-25,2343.62,2343.62,2343.62,2343.62,0,0,0
2015-11-26,2325.69,2325.69,2325.69,2325.69,0,0,0
2015-11-27,2184.11,2184.11,2184.11,2184.11,0,0,0
2015-11-30,2203.61,2203.61,2203.61,2203.61,0,0,0
2015-12-01,2198.28,2198.28,2198.28,2198.28,0,0,0
2015-12-02,2189.31,2189.31,2189.31,2189.31,0,0,0
2015-12-03,2243.94,2243.94,2243.94,2243.94,0,0,0
2015-12-04,2233.26,2233.26,2233.26,2233.26,0,0,0
2015-12-07,2261.41,2261.41,2261.41,2261.41,0,0,0
2015-12-08,2221.27,2221.27,2221.27,2221.27,0,0,0
2015-12-09,2214.21,2214.21,2214.21,2214.21,0,0,0
2015-12-10,2211.86,2211.86,2211.86,2211.86,0,0,0
2015-12-11,2195.86,2195.86,2195.86,2195.86,0,0,0
2015-12-14,2239.68,2239.68,2239.68,2239.68,0,0,0
2015-12-15,2264.72,2264.72,2264.72,2264.72,0,0,0
2015-12-16,2280.12,2280.12,2280.12,2280.12,0,0,0
2015-12-17,2342.18,2342.18,2342.18,2342.18,0,0,0
